NumberID,date,BIOM.ID,SequenceID.dilutionSheet,nest,habitat,IDLetter,IDRing,ageDays,ageBinned,duplicate,dateDNAextracted,extractedBy,notes,QubitDNA,SequencePlate,pass or fail,mislabelled,removedByFiona,N7index,S5index,Tarsus,Weight,wing,broodSizeWhenSampled,broodSizeMax,Survive,surviveRinged,survivedFledged,totalFledge,clutchSize,layDateFirst,numberDeadPreRinged,preRingedDeadID,numberDeadPostRinged,postRingedDeadID,edge,adult.survival
1,27/05/2016,BP10A-D8.S46,BP10A-D8.S46,BP10,conifer,A,VZ80011,8,1week,N,,NW,BOX1,0.404,15/06/2018,less than 40K,,,N710,S504,,13.3,,6,7,Y,Y,Y,6,7,61,1,NA,0,,,
2,03/06/2016,BP10A-D15.S14,BP10A-D15.S14,BP10,conifer,A,VZ80011,15,2week,N,,NW,BOX1,0.933,15/06/2018,pass,,,N702,S502,20.9,17.4,50,6,7,Y,Y,Y,6,7,61,1,NA,0,,,
3,03/06/2016,BP10-C-D15.S43,BP10_C_D15,BP10,conifer,C,VZ80013,15,2week,N,?,?,,,04/10/2018,pass,,,N706,S503,21,17.5,50,6,7,Y,Y,Y,6,7,61,1,NA,0,,,
4,08/06/2016,NA,NA,BP6,conifer,A,VZ80093,15,2week,N,,,New box (was niki's box),,NA,failed at amplification,,,NA,NA,20.8,19.3,55,5,6,Y,Y,Y,5,6,67,1,F,0,,,
5 (aka I),08/06/2016,BP6-B-15-5.S48,BP6_B_15_5,BP6,conifer,B,VZ80094,15,2week,N,,,,,08/11/2018,pass,,,N703,S507,20.8,16.7,54,5,6,Y,Y,Y,5,6,67,1,F,0,,,
6,08/06/2016,NA,NA,BP6,conifer,D,VZ80096,15,2week,N,,,New box (was niki's box),,NA,failed at amplification,,,NA,NA,21.3,18.3,53,5,6,Y,Y,Y,5,6,67,1,F,0,,,
7,08/06/2016,BP6-E-D15.S73,BP6_E_D15,BP6,conifer,E,VZ80097,15,2week,N,?,?,,,04/10/2018,pass,,,N710,S517,21.3,16.8,47,5,6,Y,Y,Y,5,6,67,1,F,0,,,
8,31/05/2016,BP7-A-D9.S17,BP7_A_D9,BP7,conifer,A,,9,1week,N,?,?,,?,04/10/2018,pass,,,N703,S517,,11.4,,5,7,Y,Y,Y,5,7,66,2,E,0,,,
9,06/06/2016,BP7-B-D15.S45,BP7_B_D15,BP7,conifer,B,VZ80085,15,2week,N,?,?,,?,04/10/2018,pass,,,N706,S505,20.6,17.1,46,5,7,Y,Y,Y,5,7,66,2,E,0,,,
10,06/06/2016,BP7-C-D15.S46,BP7_C_D15,BP7,conifer,C,VZ80086,15,2week,N,?,?,,?,04/10/2018,pass,,,N706,S506,20,16,44,5,7,Y,Y,Y,5,7,66,2,E,0,,,
11,06/06/2016,BP7D.S9,BP7D.S9,BP7,conifer,D,VZ80087,15,2week,N,,NW,,,06/03/2018,pass,,,N709,S517,20.4,15.1,46,5,7,Y,Y,Y,5,7,66,2,E,0,,,
12a?,31/05/2016,BP9-unk-D15.S47,BP9_unk_D15,BP9,conifer,unk,VZ80044,15,2week,N,,NW,,,04/10/2018,pass,,,N706,S507,20.3,18.2,49,4,4,Y,Y,Y,4,4,62,0,NA,0,,,
12,31/05/2016,NA,NA,BP9,conifer,C,VZ80043,15,2week,N,?,?,New box (was niki's box),?,NA,failed at amplification,,,NA,NA,19.5,18.7,44,4,4,Y,Y,Y,4,4,62,0,NA,0,,,
13,23/05/2016,CB15-B-8-13.S26,CB15_B_8_13,CB15,deciduous,B,,8,1week,N,,NW,BOX2,0.176,08/11/2018,pass,,,N701,S517,,13.9,,5,5,Y,Y,Y,4,6,54,1,NA,,na,,
14,23/05/2016,CB15D-D8.S49,CB15D-D8.S49,CB15,deciduous,D,VZ80028,8,1week,N,,NW,BOX1,0.126,15/06/2018,pass,,,N701,S505,,12.9,,5,5,Y,Y,Y,4,6,54,1,NA,,na,,
15,23/05/2016,NA,NA,CB15,deciduous,E,,8,1week,N,,NW,BOX2,0.156,NA,failed at amplification,,,NA,NA,,10.3,,5,5,Y,Y,Y,4,6,54,1,NA,,na,,
16,30/05/2016,NA,,CB15,deciduous,A,VZ80025,15,2week,N,,,unaccounted for,,,pass,,,,,21.2,17.5,48,4,5,Y,Y,Y,4,6,54,1,NA,,na,,
17,30/05/2016,NA,,CB15,deciduous,C,VZ80026,15,2week,N,,,unaccounted for,,,pass,,,,,20.1,16.3,46,4,5,Y,Y,Y,4,6,54,1,NA,,na,,
18,30/05/2016,CB15-D-D15.S25,CB15_D_D15,CB15,deciduous,D?,VZ80028,15,2week,N,?,?,"ID not certain- permanent marker came off, not clipped",?,04/10/2018,pass,,,N704,S517,20.5,15.5,45,4,5,Y,Y,Y,4,6,54,1,NA,,na,,
19,07/06/2016,NA,NA,CB23,deciduous,A,VZ80460,8,1week,N,,NW,New Box,0.061,NA,failed at amplicon,,,NA,NA,,11.1,,5,6,Y,Y,Y,3,6,73,2,E,1,VZ80463,,
20,07/06/2016,CB23D-D8.S51,CB23D-D8.S51,CB23,deciduous,B,VZ80461,8,1week,N,,NW,New Box,1.66,15/06/2018,pass,,,N703,S505,,11,,5,6,Y,Y,Y,3,6,73,2,E,1,VZ80463,,
21,07/06/2016,NA,NA,CB23,deciduous,C,VZ80462,8,1week,N,,NW,New Box,0.152,NA,failed at amplicon,,,NA,NA,,10.8,,5,6,Y,Y,Y,3,6,73,2,E,1,VZ80463,,
22,07/06/2016,NA,,CB23,deciduous,D,VZ80463,8,1week,N,,NW,"on dilution sheet for 15/6/18, but says B on index sheet, and failed on amplicon sheet",0.388,08/11/2018,think it failed at amplicon,,,,,,9.1,,5,6,N,Y,N,3,6,73,2,E,1,VZ80463,,
23,07/06/2016,CB23-E-8-23.S47,CB23_E_8_23,CB23,deciduous,E,,8,1week,N,30/11/2017,GD,,0.25,22/10/2018,pass,,,N706,S507,,7.2,,5,6,N,N,N,3,6,73,2,E,1,VZ80463,,
24,14/06/2016,CB23A-D15.S17,CB23A-D15.S17,CB23,deciduous,A,VZ80460,15,2week,N,,NW,BOX1,0.21,15/06/2018,pass,,,N705,S502,20.5,15.5,41,4,6,Y,Y,Y,3,6,73,2,E,1,VZ80463,,
25,14/06/2016,CB23-B-D15.S29,CB23_B_D15,CB23,deciduous,B,VZ80461,15,2week,N,?,?,written as D on dilution sheet,,04/10/2018,pass,yes,,N704,S505,20.3,14.7,41,4,6,Y,Y,Y,3,6,73,2,E,1,VZ80463,,
26,14/06/2016,CB23C-D15.S8,CB23C-D15.S8,CB23,deciduous,C,VZ80462,15,2week,N,,NW,BOX1,0.17,15/06/2018,pass,,,N708,S517,19.1,14.1,41,4,6,Y,Y,Y,3,6,73,2,E,1,VZ80463,,
27,14/06/2016,NA,NA,CB23,deciduous,D,VZ80463,15,2week,N,,NW,New Box,0.154,NA,failed at amplification,,,NA,NA,18.6,13.7,36,4,6,N,N,N,3,6,73,2,E,1,VZ80463,,
28,28/05/2016,CB4A.S13,CB4A.S13,CB4,deciduous,A,VZ80029,8,1week,N,,NW,,,06/03/2018,pass,,,N701,S502,,11.9,,4,4,Y,Y,Y,4,5,64,0,NA,0,,,
29,28/05/2016,CB4-B-D8.S14,CB4_B_D8,CB4,deciduous,B,VZ80030,8,1week,N,?,?,,?,04/10/2018,pass,,,N702,S506,,11,,4,4,Y,Y,Y,4,5,64,0,NA,0,,,
30,28/05/2016,CB4D-D8.S47,CB4D-D8.S47,CB4,deciduous,D,VZ80032,8,1week,N,,NW,,0.179,15/06/2018,pass,,,N711,S504,,9.3,,4,4,Y,Y,Y,4,5,64,0,NA,0,,,
31,04/06/2016,NA,NA,CB4,deciduous,A,VZ80029,15,2week,N,,NW,New Box,0.273,NA,failed at amplification,,,NA,NA,20.7,19.6,46,4,4,Y,Y,Y,4,5,64,0,NA,0,,,
32,04/06/2016,CB4-C-D15.S48,CB4_C_D15,CB4,deciduous,C,VZ80031,15,2week,N,?,?,,?,04/10/2018,pass,,,N706,S508,19.8,15.1,41,4,4,Y,Y,Y,4,5,64,0,NA,0,,,
33,04/06/2016,CB4D.S14,CB4D.S14,CB4,deciduous,D,VZ80032,15,2week,N,,NW,,,06/03/2018,pass,,,N702,S502,20.7,16.6,39,4,4,Y,Y,Y,4,5,64,0,NA,0,,,
34,04/06/2016,CB5B-D7.S48,CB5B-D7.S48,CB5,deciduous,B,VZ80438,7,1week,N,,NW,BOX1,0.089,15/06/2018,pass,,,N712,S504,,11.6,,4,4,Y,Y,Y,4,4,73,0,NA,0,,,
35,12/06/2016,CB5-A-D15.S54,CB5_A_D15,CB5,deciduous,A,VZ80437,15,2week,N,?,?,,?,04/10/2018,pass,,,N707,S506,20.6,18.1,49,4,4,Y,Y,Y,4,4,73,0,NA,0,,,
36,12/06/2016,CB5-B-15-36.S61,CB5_B_15_36,CB5,deciduous,B,VZ80438,15,2week,N,30/11/2017,GD,,0.72,22/10/2018,pass,,,N708,S505,20.9,17.3,50,4,4,Y,Y,Y,4,4,73,0,NA,0,,,
37,12/06/2016,CB5-C-15-37.S40,CB5_C_15_37,CB5,deciduous,C,VZ80439,15,2week,N,29/11/2017,GD,,0.35,08/11/2018,pass,,,N702,S507,21.4,16.5,49,4,4,Y,Y,Y,4,4,73,0,NA,0,,,
38,12/06/2016,CB5-D-15-38.S16,CB5_D_15_38,CB5,deciduous,D,VZ80440,15,2week,N,30/11/2017,GD,appears on plate 08/11/18 -accidental duplicate? Duplicate failed anyway,0.252,22/10/2018,pass,,,N702,S508,20.8,17.7,47,4,4,Y,Y,Y,4,4,73,0,NA,0,,,
39,30/05/2016,CB53-A-8-39.S35,CB53_A_8_39,CB53,deciduous,A,,8,1week,N,?,,,?,08/11/2018,pass,,,N702,S502,,10.3,,5,5,N,N,N,0,5,65,5,"A,B,C,D,E",,na,,
40,24/06/2016,CB59A.S16,CB59A.S16,CB59,deciduous,A,VZ80242,8,1week,N,,NW,,,06/03/2018,pass,,,N704,S502,,14.2,,4,5,Y,Y,Y,4,5,88,1,NA,0,,,
41,24/06/2016,NA,NA,CB59,deciduous,C,VZ80243,8,1week,N,,NW,New box,2.15,NA,failed at amplification,,,NA,NA,,13.6,,4,5,Y,Y,Y,4,5,88,1,NA,0,,,
42,24/06/2016,CB59D-D8.S55,CB59D-D8.S55,CB59,deciduous,D,VZ80244,8,1week,N,,NW,BOX1,TOO LOW,15/06/2018,pass,,,N707,S505,,11.9,,4,5,Y,Y,Y,4,5,88,1,NA,0,,,
43,01/07/2016,CB59A.S39,CB59A.S39,CB59,deciduous,A,VZ80242,15,2week,N,,NW,BOX1,0.15,15/06/2018,pass,,,N703,S504,21.6,19.1,52,4,5,Y,Y,Y,4,5,88,1,NA,0,,,
44,01/07/2016,NA,,CB59,deciduous,B,VZ80241,15,2week,N,,NW,BOX1,TOO LOW,,pass,,,,,21.7,19.2,54,4,5,Y,Y,Y,4,5,88,1,NA,0,,,
45,01/07/2016,NA,NA,CB59,deciduous,C,VZ80243,15,2week,N,,,,,NA,failed at amplification,,,NA,NA,20.6,17.2,53,4,5,Y,Y,Y,4,5,88,1,NA,0,,,
46,01/07/2016,CB59-D-15-46.S62,CB59_D_15_46,CB59,deciduous,D,VZ80244,15,2week,N,30/11/2017,GD,,too low,22/10/2018,less than 40K,,,N708,S506,20,16.9,49,4,5,Y,Y,Y,4,5,88,1,NA,0,,,
47,28/05/2016,CB60C.S15,CB60C.S15,CB60,deciduous,C,VZ80061,7,1week,N,,NW,,,06/03/2018,pass,,,N703,S502,,9.6,,7,7,Y,Y,Y,4,7,61,3,E,0,,,
48,28/05/2016,CB60-E-7-48.S87,CB60_E_7_48,CB60,deciduous,E,,7,1week,N,29/11/2017,GD,,0.304,22/10/2018,pass,,,N711,S507,,9.3,,7,7,N,N,N,4,7,61,3,E,0,,,
49,30/05/2016,CB60-C-D9.S22,CB60_C_D9,CB60,deciduous,C,,9,1week,N,?,?,,?,04/10/2018,pass,,,N703,S506,,12.7,,7,7,Y,Y,Y,4,7,61,3,E,0,,,
50,30/05/2016,NA,NA,CB60,deciduous,E,,9,1week,N,?,,,?,NA,failed at amplification,,,NA,NA,,10.7,,7,7,N,N,N,4,7,61,3,E,0,,,
51,05/06/2016,CB60-B-15-51.S39,CB60_B_15_51,CB60,deciduous,B,VZ80060,15,2week,Y,30/11/2017,GD,appears on plate 08/11/18 -accidental duplicate?,0.404,08/11/2018,pass,,no but one should have been,N707,S508,21.1,17.7,44,4,7,Y,Y,Y,4,7,61,3,E,0,,,
51b,05/06/2016,NA,,CB60,deciduous,B,VZ80060,15,2week,Y,30/11/2017,GD,appears on plate 08/11/18 -accidental duplicate?,0.404,22/10/2018,pass,,no but one should have been,,,21.1,17.7,44,4,7,Y,Y,Y,4,7,61,3,E,0,,,
52,05/06/2016,CB60-C-D15.S28,CB60_C_D15,CB60,deciduous,C,VZ80061,15,2week,N,?,?,,?,04/10/2018,pass,,,N704,S504,20.8,17,47,4,7,Y,Y,Y,4,7,61,3,E,0,,,
53,05/06/2016,CB60-D-D15.S63,CB60_D_D15,CB60,deciduous,D,VZ80062,15,2week,N,?,?,,?,04/10/2018,pass,,,N708,S507,19.6,14.2,43,4,7,Y,Y,Y,4,7,61,3,E,0,,,
54,05/06/2016,NA,CB60F-D15i.S52,CB60,deciduous,F,VZ80063,15,2week,Y,?,?,"on same plate twice?? Probably a duplicate, but not 100% certain",,15/06/2018,pass,,removed,N704,S505,19.4,14.3,45,4,7,Y,Y,Y,4,7,61,3,E,0,,,
54b,05/06/2016,CB60F-D15ii.S59,CB60F-D15ii.S59,CB60,deciduous,F,VZ80063,dup,dup,Y,?,?,"on same plate twice?? Probably a duplicate, but not 100% certain",,15/06/2018,pass,,,N711,S505,dup,dup,dup,,7,dup,,,4,7,61,3,,0,,,
55,07/06/2016,DW11-A-D15.S90,DW11_A_D15,DW11,deciduous,A,VZ80089,15,2week,N,?,?,,?,04/10/2018,pass,,,N712,S502,21.5,17.1,45,4,5,Y,Y,Y,4,5,67,1,E,0,,,
56,07/06/2016,DW11-B-D15.S78,DW11_B_D15,DW11,deciduous,B,VZ80090,15,2week,N,?,?,,?,04/10/2018,pass,,,N710,S506,21.1,16.4,38,4,5,Y,Y,Y,4,5,67,1,E,0,,,
57,06/06/2016,DW18-A-15-57.S36,DW18_A_15_57,DW18,deciduous,A,VZ80033,15,2week,N,?,,,?,08/11/2018,pass,,,N702,S503,21.2,20.4,51,4,4,Y,Y,Y,4,4,66,0,,0,,,
58,06/06/2016,DW18-B-15-58.S37,DW18_B_15_58,DW18,deciduous,B,VZ80034,15,2week,N,?,,,?,08/11/2018,pass,,,N702,S504,22,18.8,50,4,4,Y,Y,Y,4,4,66,0,,0,,,
60,06/06/2016,NA,NA,DW18,deciduous,D,VZ80036,15,2week,N,,,New box (was niki's box),,NA,failed at amplification,,,NA,NA,20.8,19.1,47,4,4,Y,Y,Y,4,4,66,0,,0,,,
61,15/06/2016,NA,NA,DW23,deciduous,B,VZ80468,15,2week,N,,,New box (was niki's box),,NA,failed at amplification,,,NA,NA,20.2,15,46,6,6,Y,Y,Y,4,7,75,0,NA,2,VZ80471-VZ80472,,
62,15/06/2016,NA,NA,DW23,deciduous,C,VZ80469,15,2week,N,,,New box (was niki's box),,NA,failed at amplification,,,NA,NA,20.6,16.4,46,6,6,Y,Y,Y,4,7,75,0,NA,2,VZ80471-VZ80472,,
63,07/06/2016,DW25A-D9.S56,DW25A-D9.S56,DW25,deciduous,A,VZ80450,9,1week,N,,NW,BOX1,0.354,15/06/2018,pass,,,N708,S505,,12.5,,3,4,Y,Y,Y,2,4,76,2,C and possibly unknown,0,,,
64,07/06/2016,DW25B-D9.S74,DW25B-D9.S74,DW25,deciduous,B,VZ80451,9,1week,N,,NW,New box,3.83,15/06/2018,pass,,,N702,S507,,9.8,,3,4,Y,Y,Y,2,4,76,2,C and possibly unknown,0,,,
65,07/06/2016,NA,DW25_C_9_65_dilute,DW25,deciduous,C-diluted,,dup,dup,Y,29/11/2017,GD,sequenced twice to test diluted samples versus neat,3.74,22/10/2018,pass,,removed,N710,S508,,dup,,,4,N,N,N,2,4,76,2,C and possibly unknown,0,,,
65b,07/06/2016,DW25-C-9-65-neat.S94,DW25_C_9_65_neat,DW25,deciduous,C-neat,,9,1week,Y,29/11/2017,GD,sequenced twice to test diluted samples versus neat,,22/10/2018,pass,,,N712,S506,,11.2,,3,4,N,N,N,2,4,76,2,C and possibly unknown,0,,,
66,13/06/2016,NA,NA,DW25,deciduous,A,VZ80450,15,2week,N,,NW,New box,0.609,NA,failed at amplification,,,NA,NA,20,17.3,40,2,4,Y,Y,Y,2,4,76,2,C and possibly unknown,0,,,
67,13/06/2016,DW25B-D15.S13,DW25B-D15.S13,DW25,deciduous,B,VZ80451,15,2week,N,,NW,BOX1,0.15,15/06/2018,pass,,,N701,S502,18.3,14.4,35,2,4,Y,Y,Y,2,4,76,2,C and possibly unknown,0,,,
68,11/06/2016,NA,NA,DW29,deciduous,A,,9,1week,N,,,New box (was niki's box),,NA,failed at amplification,,,NA,NA,,11.2,,4,4,N,N,N,0,5,76,4,A-D,,,,
69,11/06/2016,NA,NA,DW29,deciduous,C,,9,1week,N,,,New box (was niki's box),,NA,failed at amplification,,,NA,NA,,10.3,,4,4,N,N,N,0,5,76,4,A-D,,,,
70,11/06/2016,DW3A-D8.S57,DW3A-D8.S57,DW3,deciduous,A,VZ72626,8,1week,N,,NW,BOX1,0.22,15/06/2018,less than 40K,,,N709,S505,,11.4,,4,4,Y,Y,Y,4,5,79,0,NA,0,,,
71,11/06/2016,DW3C-D8.S58,DW3C-D8.S58,DW3,deciduous,C,VZ72628,8,1week,N,,NW,BOX1,0.244,15/06/2018,pass,,,N710,S505,,10.8,,4,4,Y,Y,Y,4,5,79,0,NA,0,,,
72,18/06/2016,DW3-A-15-72.S59,DW3_A_15_72,DW3,deciduous,A,VZ72626,15,2week,N,30/11/2017,GD,,too low,22/10/2018,pass,,,N708,S503,19.8,17.8,51,4,4,Y,Y,Y,4,5,79,0,NA,0,,,
73,18/06/2016,DW3-B-D15.S66,DW3_B_D15,DW3,deciduous,B,VZ72627,15,2week,N,?,?,,?,04/10/2018,pass,,,N709,S502,20.1,17.2,48,4,4,Y,Y,Y,4,5,79,0,NA,0,,,
74,18/06/2016,DW3-C-15-74.S50,DW3_C_15_74,DW3,deciduous,C,VZ72628,15,2week,N,30/11/2017,GD,,0.522,22/10/2018,pass,,,N707,S502,20.4,17.9,50,4,4,Y,Y,Y,4,5,79,0,NA,0,,,
75,18/06/2016,DW3-D-D15.S65,DW3_D_D15,DW3,deciduous,D,VZ72629,15,2week,N,?,?,,?,04/10/2018,pass,,,N709,S517,20,17.2,46,4,4,Y,Y,Y,4,5,79,0,NA,0,,,
76,18/06/2016,NA,NA,DW30,deciduous,A,,9,1week,N,,,New box (was niki's box),,NA,failed at amplification,,,NA,NA,,?,,,,N,N,N,0,?,77,4,na,,,,
77,18/06/2016,NA,NA,DW30,deciduous,B,,9,1week,N,,,New box (was niki's box),,NA,failed at amplification,,,NA,NA,,?,,,,N,N,N,0,?,77,4,na,,,,
78,05/06/2016,NA,NA,DW38,deciduous,A,VZ80441,8,1week,N,,NW,New box,0.206,NA,failed at amplification,,,NA,NA,,12,,5,5,Y,Y,Y,5,5,71,0,NA,0,,,
79,05/06/2016,DW38B-D8.S60,DW38B-D8.S60,DW38,deciduous,B,VZ80442,8,1week,N,,NW,BOX1,0.083,15/06/2018,failedAtSequencing,,,N712,S505,,11.6,,5,5,Y,Y,Y,5,5,71,0,NA,0,,,
80,05/06/2016,NA,NA,DW38,deciduous,C,VZ80443,8,1week,N,,NW,New box,0.147,NA,failed at amplification NW May 2018,,,NA,NA,,10.8,,5,5,Y,Y,Y,5,5,71,0,NA,0,,,
81,05/06/2016,NA,NA,DW38,deciduous,D,,8,1week,N,29/11/2017,GD,,1.66,NA,failed at amplification,,,NA,NA,,10.2,,5,5,Y,Y,Y,5,5,71,0,NA,0,,,
82,12/06/2016,DW38-A-15-82.S63,DW38_A_15_82,DW38,deciduous,A,VZ80441,15,2week,N,30/11/2017,GD,,0.24,22/10/2018,pass,,,N708,S507,19.8,10.1,46,5,5,Y,Y,Y,5,5,71,0,NA,0,,,
83,12/06/2016,DW38-B-15-83.S60,DW38_B_15_83,DW38,deciduous,B,VZ80442,15,2week,N,30/11/2017,GD,,0.172,22/10/2018,pass,,,N708,S504,21.1,15.6,49,5,5,Y,Y,Y,5,5,71,0,NA,0,,,
84,12/06/2016,NA,NA,DW38,deciduous,C,VZ80443,15,2week,N,30/11/2017,GD,,too low,NA,failed at amplification,,,NA,NA,19.7,17.3,45,5,5,Y,Y,Y,5,5,71,0,NA,0,,,
85,03/07/2016,DW42-A-15-85.S58,DW42_A_15_85,DW42,deciduous,A,VZ80246,15,2week,N,30/11/2017,GD,,1.24,22/10/2018,pass,,,N708,S502,20.3,18,50,3,4,Y,Y,Y,3,5,95?,1,na,0,,,
86,03/07/2016,DW42B-86.S40,DW42B-86.S40,DW42,deciduous,B,VZ80245,15,2week,N,,NW,BOX1,0.089,15/06/2018,pass,,,N704,S504,20.6,20.1,51,3,4,Y,Y,Y,3,5,95?,1,na,0,,,
87,03/07/2016,DW42C-87.S31,DW42C-87.S31,DW42,deciduous,C,VZ80247,15,2week,N,,NW,New box,0.383,15/06/2018,pass,,,N707,S503,19.9,17.9,48,3,4,Y,Y,Y,3,5,95?,1,na,0,,,
88,30/05/2016,DW49A-D8.S91,DW49A-D8.S91,DW49,deciduous,A,VZ80077,8,1week,N,,NW,BOX1 (pg2),0.4,15/06/2018,pass,,,N707,S508,,13.2,,5,5,Y,Y,Y,2,5,66,3,"B,C,E",0,,,
89,30/05/2016,NA,NA,DW49,deciduous,B,VZ80078,8,1week,N,,NW,New Box,0.106,NA,failed at amplification,,,NA,NA,,12.4,,5,5,N,N,N,2,5,66,3,"B,C,E",0,,,
90,30/05/2016,DW49D-D8.S24,DW49D-D8.S24,DW49,deciduous,D,VZ80078,8,1week,N,,NW,BOX1,0.475,15/06/2018,pass,,,N712,S502,,11.2,,5,5,Y,Y,Y,2,5,66,3,"B,C,E",0,,,
91,06/06/2016,DW49A-D15.S16,DW49A-D15.S16,DW49,deciduous,A,VZ80077,15,2week,N,,NW,BOX1,0.346,15/06/2018,pass,,,N704,S502,20.1,15,46,2,5,Y,Y,Y,2,5,66,3,"B,C,E",0,,,
92,06/06/2016,DW49-D-15-92.S52,DW49_D_15_92,DW49,deciduous,D,VZ80078,15,2week,N,30/11/2017,GD,,0.214,22/10/2018,pass,,,N707,S504,19.7,13.4,44,2,5,Y,Y,Y,2,5,66,3,"B,C,E",0,,,
93,05/06/2016,NA,NA,DW7,deciduous,A,VZ80064,15,2week,N,,,New box (was niki's box),,NA,failed at amplification,,,NA,NA,20,17.9,44,4,4,Y,Y,Y,4,6,67,0,,0,,,
94,05/06/2016,DW7-B-15-94.S41,DW7_B_15_94,DW7,deciduous,B,VZ80065,15,2week,N,,,New box (was niki's box),,08/11/2018,pass,,,N702,S508,21,16.5,44,4,4,Y,Y,Y,4,6,67,0,,0,,,
97,02/06/2016,NA,NA,DW9,deciduous,A,,9,1week,N,,,New box (was niki's box),,NA,failed at amplification,,,NA,NA,,15.4,,2,2,Y,Y,Y,2,5,68,0,NA,0,,,
98,05/06/2016,FR18-B7-98.S39,FR18_B7_98,FR18,conifer,B,VZ80447,8,1week,N,04/12/2017,GD,mislabelled as  day 7,0.164,22/10/2018,less than 40K,yes,,N705,S507,,12.2,,5,5,Y,Y,Y,4,5,72,1,E,0,,,
99,05/06/2016,FR18-C-7-99.S41,FR18_C_7_99,FR18,conifer,C,VZ80448,8,1week,N,04/12/2017,GD,,0.292,22/10/2018,pass,,,N706,S517,,11.9,,5,5,Y,Y,Y,4,5,72,1,E,0,,,
100,05/06/2016,FR18-D-7-100.S14,FR18_D_7_100,FR18,conifer,D,VZ80449,8,1week,N,05/12/2017,GD,,0.372,22/10/2018,pass,,,N702,S506,,11.1,,5,5,Y,Y,Y,4,5,72,1,E,0,,,
101,13/06/2016,FR18-A-15-101.S27,FR18_A_15_101,FR18,conifer,A,VZ80446,15,2week,N,?,,,?,08/11/2018,pass,,,N701,S502,21.1,17,53,4,5,Y,Y,Y,4,5,72,1,E,0,,,
102,13/06/2016,NA,NA,FR18,conifer,B,VZ80447,15,2week,N,?,,,?,NA,failed at amplification,,,NA,NA,21.5,17.5,53,4,5,Y,Y,Y,4,5,72,1,E,0,,,
103,13/06/2016,FR18-C-15-103.S32,FR18_C_15_103,FR18,conifer,C,VZ80448,15,2week,N,?,,,?,08/11/2018,pass,,,N701,S507,21.5,16.3,52,4,5,Y,Y,Y,4,5,72,1,E,0,,,
104,13/06/2016,FR18-D-15-104.S55,FR18_D_15_104,FR18,conifer,D,VZ80449,15,2week,N,30/11/2017,GD,,too low,22/10/2018,pass,,,N707,S507,21.3,16.3,51,4,5,Y,Y,Y,4,5,72,1,E,0,,,
105,12/06/2016,GT11A-D7.S64,GT11A-D7.S64,GT11,conifer,A,VZ80473,7,1week,N,,NW,BOX1 (pg2),0.243,15/06/2018,pass,,,N704,S506,,12.3,,6,7,Y,Y,Y,5,7,79,2,F + 1 unknown (before marking at day 8),0,,,
106,12/06/2016,GT11-B-7-106.S42,GT11_B_7_106,GT11,conifer,B,VZ80474,7,1week,N,,NW,"failed at amplification NW, but was amplified in second attempt",0.408,08/11/2018,pass,,,N703,S517,,11.4,,6,7,Y,Y,Y,5,7,79,2,F + 1 unknown (before marking at day 8),0,,,
107,20/06/2016,GT11-A-15-107.S53,GT11_A_15_107,GT11,conifer,A,VZ80473,15,2week,N,30/11/2017,GD,,0.124,22/10/2018,pass,,,N707,S505,20.1,17.5,49,5,7,Y,Y,Y,5,7,79,2,F + 1 unknown (before marking at day 8),0,,,
108,20/06/2016,GT11B-D15.S6,GT11B-D15.S6,GT11,conifer,B,VZ80474,15,2week,N,,NW,BOX1,0.229,15/06/2018,pass,,,N706,S517,21,14.9,46,5,7,Y,Y,Y,5,7,79,2,F + 1 unknown (before marking at day 8),0,,,
109,20/06/2016,GT11-C-D15.S74,GT11_C_D15,GT11,conifer,C,VZ80475,15,2week,N,?,?,,?,04/10/2018,pass,,,N710,S502,21,16.8,47,5,7,Y,Y,Y,5,7,79,2,F + 1 unknown (before marking at day 8),0,,,
110,23/05/2016,GT23A-D8.S70,GT23A-D8.S70,GT23,conifer,A,VZ80017,8,1week,N,,NW,,0.742,15/06/2018,pass,,,N710,S506,,12.8,,4,4,Y,Y,Y,4,4,58,0,,0,,,
111,23/05/2016,GT23B-D8.S86,GT23B-D8.S86,GT23,conifer,B,VZ80018,8,1week,N,,NW,,0.658,15/06/2018,pass,,,N702,S508,,12.4,,4,4,Y,Y,Y,4,4,58,0,,0,,,
112,30/05/2016,GT23A-112.S33,GT23A-112.S33,GT23,conifer,A,VZ80017,15,2week,N,,NW,,0.618,15/06/2018,less than 40K,,,N709,S503,21.2,19.1,51,4,4,Y,Y,Y,4,4,58,0,,0,,,
113,30/05/2016,GT23B-D15.S54,GT23B-D15.S54,GT23,conifer,B,VZ80018,15,2week,N,,NW,BOX2,0.271,15/06/2018,pass,,,N706,S505,20.1,19.6,49,4,4,Y,Y,Y,4,4,58,0,,0,,,
114,30/05/2016,GT23-C-D15.S76,GT23_C_D15,GT23,conifer,C,VZ80019,15,2week,N,?,?,,?,04/10/2018,pass,,,N710,S504,19.7,17.2,47,4,4,Y,Y,Y,4,4,58,0,,0,,,
115,30/05/2016,NA,NA,GT23,conifer,D,VZ80020,15,2week,N,30/11/2017,GD,,0.282,NA,failed at amplification,,,NA,NA,20.5,16.6,46,4,4,Y,Y,Y,4,4,58,0,,0,,,
116,27/05/2016,NA,NA,GT47,conifer,B,,9,1week,N,?,?,,?,NA,failed at amplification,,,NA,NA,,14.9,,5,6,Y,Y,Y,5,6,63,1,NA,0,,,
117,27/05/2016,GT47-C-D9.S20,GT47_C_D9,GT47,conifer,C,,9,1week,N,?,?,,?,04/10/2018,pass,,,N703,S504,,13.2,,5,6,Y,Y,Y,5,6,63,1,NA,0,,,
118,02/06/2016,GT47-A-15-118.S33,GT47_A_15_118,GT47,conifer,A,VZ80002,15,2week,N,?,,,?,08/11/2018,pass,,,N701,S508,21.6,18.7,52,5,6,Y,Y,Y,5,6,63,1,NA,0,,,
119,02/06/2016,GT47-D-15-119.S34,GT47_D_15_119,GT47,conifer,D,VZ80023,15,2week,N,?,,,?,08/11/2018,pass,,,N702,S517,21.1,16.4,49,5,6,Y,Y,Y,5,6,63,1,NA,0,,,
120,24/05/2016,NA,NA,IN10,deciduous,A,VZ80001,8,1week,N,,,unaccounted for,,NA,missing,,,NA,NA,,12.4,,4,4,Y,Y,Y,4,4,57,0,NA,0,,,
121,31/05/2016,IN10-A-15-121.S46,IN10_A_15_121,IN10,deciduous,A,VZ80001,15,2week,N,04/12/2017,GD,also on plate 26.10.18 as failed at amplicon stage - check written correctly?,0.338,22/10/2018,pass,,,N706,S506,19.9,18.4,45,4,4,Y,Y,Y,4,4,57,0,NA,0,,,
122,31/05/2016,IN10-C-D15.S86,IN10_C_D15,IN10,deciduous,C,VZ80046,15,2week,N,?,?,,?,04/10/2018,pass,,,N711,S506,20.1,18.1,46,4,4,Y,Y,Y,4,4,57,0,NA,0,,,
123,27/05/2016,IN35-B-D8.S16,IN35_B_D8,IN35,deciduous,B,,8,1week,N,?,?,,?,04/10/2018,pass,,,N702,S508,,9.2,,4,4,Y,Y,Y,4,4,62,0,NA,0,,,
124,03/06/2016,IN35-A-D15.S87,IN35_A_D15,IN35,deciduous,A,VZ80051,15,2week,N,?,?,,?,04/10/2018,pass,,,N711,S507,20.6,15.4,38,4,4,Y,Y,Y,4,4,62,0,NA,0,,,
125,29/05/2016,IN4-C-7-125.S12,IN4_C_7_125,IN4,deciduous,C,VZ72610,7,1week,N,05/12/2017,GD,,0.872,22/10/2018,less than 40K,,,N702,S504,,11.8,,6,7,Y,Y,Y,6,7,63,1,,0,,,
126,29/05/2016,IN4-D-7-126.S40,IN4_D_7_126,IN4,deciduous,D,VZ72608,7,1week,N,04/12/2017,GD,,0.166,22/10/2018,pass,,,N705,S508,,11,,6,7,Y,Y,Y,6,7,63,1,,0,,,
127,03/06/2016,IN4-D-15-127.S51,IN4_D_15_127,IN4,deciduous,D,VZ72608,15,2week,N,30/11/2017,GD,,0.294,22/10/2018,pass,,,N707,S503,19.6,17.4,52,6,7,Y,Y,Y,6,7,63,1,,0,,,
128,03/06/2016,1N4-A-D15.S81,1N4_A_D15,IN4,deciduous,A,VZ72609,15,2week,N,,,mislabelled as 1N,,04/10/2018,pass,yes,,N711,S517,20.2,16.7,53,6,7,Y,Y,Y,6,7,63,1,,0,,,
129,03/06/2016,IN4-C-D15.S9,IN4_C_D15,IN4,deciduous,C,VZ72610,15,2week,N,,NW,BOX2,0.074,04/10/2018,pass,,,N702,S517,19.4,16.8,54,6,7,Y,Y,Y,6,7,63,1,,0,,,
130,03/06/2016,IN4-E-D15.S82,IN4_E_D15,IN4,deciduous,E,VZ72611,15,2week,N,?,?,,?,04/10/2018,pass,,,N711,S502,19,16.5,48,6,7,Y,Y,Y,6,7,63,1,,0,,,
131,03/06/2016,IN4-F-D15.S83,IN4_F_D15,IN4,deciduous,F,VZ72612,15,2week,N,?,?,,?,04/10/2018,pass,,,N711,S503,19.7,14.3,44,6,7,Y,Y,Y,6,7,63,1,,0,,,
132,03/06/2016,IN4-B-D15.S84,IN4_B_D15,IN4,deciduous,B,VZ72613,15,2week,N,?,?,,?,04/10/2018,less than 40K,,,N711,S504,19.8,17.4,51,6,7,Y,Y,Y,6,7,63,1,,0,,,
133,10/06/2016,NA,NA,IN6,deciduous,A,VZ80414,15,2week,N,,,New box (was niki's box),,NA,failed at amplification,,,NA,NA,20.4,17.1,47,3,5,Y,Y,Y,3,6,70,2,"unknown, not previously marked",0,,,
134,10/06/2016,NA,NA,IN6,deciduous,B,VZ80415,15,2week,N,,,New box (was niki's box),,NA,failed at amplification,,,NA,NA,20.9,18.5,46,3,5,Y,Y,Y,3,6,70,2,"unknown, not previously marked",0,,,
135,05/06/2016,KB1A-D9.S63,KB1A-D9.S63,KB1,deciduous,A,VZ80429,9,1week,N,,NW,BOX1 (pg2) - spreadsheet said day 7,0.304,15/06/2018,less than 40K,yes,,N703,S506,,14.5,,3,4,Y,Y,Y,3,4,72,0,NA,0,,,
136,05/06/2016,NA,NA,KB1,deciduous,B,,7,1week,N,,,unaccounted for,,NA,missing,,,NA,NA,,14.3,,3,4,Y,Y,Y,3,4,72,0,NA,0,,,
137,11/06/2016,KB1-A-15-137.S92,KB1_A_15_137,KB1,deciduous,A,VZ80429,15,2week,N,29/11/2017,GD,,0.522,22/10/2018,pass,,,N712,S504,20.8,19.6,50,3,4,Y,Y,Y,3,4,72,0,NA,0,,,
138,11/06/2016,NA,NA,KB1,deciduous,C,VZ80431,15,2week,N,?,,,?,NA,failed at amplification,,,NA,NA,21.8,19.6,50,3,4,Y,Y,Y,3,4,72,0,NA,0,,,
139,11/06/2016,NA,NA,KB16,deciduous,A,VZ80422,15,2week,N,,,New box (was niki's box),,NA,failed at amplification,,,NA,NA,20.8,17.2,47,4,4,Y,Y,Y,4,4,79,0,NA,0,,,
142,03/06/2016,KB24-A-8-142.S78,KB24_A_8_142,KB24,deciduous,A,VZ80409,8,1week,N,29/11/2017,GD,,0.59,22/10/2018,less than 40K,,,N710,S506,,12.4,,5,5,Y,Y,Y,3,5,70,0,NA,2,VZ80412-VZ80413,,
143,03/06/2016,KB24B-D8.S78,KB24B-D8.S78,KB24,deciduous,B,VZ80410,8,1week,N,,NW,New Box,4.82,15/06/2018,pass,,,N706,S507,,12.6,,5,5,Y,Y,Y,3,5,70,0,NA,2,VZ80412-VZ80413,,
144,03/06/2016,NA,NA,KB24,deciduous,C,VZ80411,8,1week,N,,,unaccounted for,,NA,missing,,,NA,NA,,11.7,,5,5,Y,Y,Y,3,5,70,0,NA,2,VZ80412-VZ80413,,
145,03/06/2016,KB24-D-D8.S18,KB24_D_D8,KB24,deciduous,D,VZ80412,8,1week,N,?,?,,?,04/10/2018,pass,,,N703,S502,,11.6,,5,5,N,Y,N,3,5,70,0,NA,2,VZ80412-VZ80413,,
147,10/06/2016,NA,NA,KB24,deciduous,B,VZ80410,15,2week,N,30/11/2017,GD,ALSO Qubit in lab book by Niamh - plate says day 8 so typo?  ,0.42,NA,failed at amplification 10/10/16,yes,,NA,NA,20.5,16.4,44,5,5,Y,Y,Y,3,5,70,0,NA,2,VZ80412-VZ80413,,
148,10/06/2016,NA,NA,KB24,deciduous,C,VZ80411,15,2week,N,?,,,?,NA,failed at amplification,,,NA,NA,19.7,14.5,44,5,5,Y,Y,Y,3,5,70,0,NA,2,VZ80412-VZ80413,,
149,21/05/2016,NA,NA,KB27,deciduous,A,,8,1week,N,?,,,?,NA,failed at amplification,,,NA,NA,,16.6,,4,4,Y,Y,Y,4,4,53,0,NA,0,,,
152,21/05/2016,KB27-D-D8.S77,KB27_D_D8,KB27,deciduous,D,,8,1week,N,?,?,,?,04/10/2018,pass,,,N710,S505,,12,,4,4,Y,Y,Y,4,4,53,0,NA,0,,,
153,02/06/2016,KB40-A-D9.S13,KB40_A_D9,KB40,deciduous,A,,9,1week,N,,NW,BOX2,0.493,04/10/2018,pass,,,N702,S505,,16.1,,3,5,Y,Y,Y,3,5,69,2,NA,0,,,
154,08/06/2016,KB40B-D15.S15,KB40B_D15,KB40,deciduous,B,VZ80407,15,2week,N,,?,,?,04/10/2018,pass,,,N702,S507,21.2,17.5,50,3,5,Y,Y,Y,3,5,69,2,NA,0,,,
155,30/05/2016,KB43B.S11,KB43B.S11,KB43,deciduous,B,VZ80074,8,1week,N,,NW,,?,06/03/2018,pass,,,N711,S517,,12.6,,4,6,Y,Y,Y,4,6,66,2,NA,0,,,
156,30/05/2016,KB43C-D8.S77,KB43C-D8.S77,KB43,deciduous,C,VZ80075,8,1week,N,?,?,,?,15/06/2018,pass,,,N705,S507,,12,,4,6,Y,Y,Y,4,6,66,2,NA,0,,,
157,06/06/2016,NA,NA,KB43,deciduous,B,VZ80074,15,2week,N,,,unaccounted for,,NA,missing,,,NA,NA,21.2,16.6,49,4,6,Y,Y,Y,4,6,66,2,NA,0,,,
158,06/06/2016,NA,NA,KB43,deciduous,C,VZ80075,15,2week,N,30/11/2017,GD,,0.138,NA,failed at amplification,,,NA,NA,20.6,16.4,46,4,6,Y,Y,Y,4,6,66,2,NA,0,,,
159,06/06/2016,KB43-D-D15.S19,KB43_D_D15,KB43,deciduous,D,VZ80076,15,2week,N,,?,,?,04/10/2018,pass,,,N703,S503,20.1,14.9,46,4,6,Y,Y,Y,4,6,66,2,NA,0,,,
161,31/05/2016,KB6A-D9.S62,KB6A-D9.S62,KB6,deciduous,A,VZ80068,9,1week,N,,NW,BOX1 (pg2),0.119,15/06/2018,pass,,,N702,S506,,13.3,,5,5,Y,Y,Y,5,5,66,0,,0,,,
162,06/06/2016,KB6-A15-162.S54,KB6_A15_162,KB6,deciduous,A,VZ80068,15,2week,N,30/11/2017,GD,,too low,22/10/2018,pass,,,N707,S506,20.1,15.9,46,5,5,Y,Y,Y,5,5,66,0,,0,,,
163,06/06/2016,KB6-B-D15.S3,KB6_B_D15,KB6,deciduous,B,VZ80069,15,2week,N,?,?,,?,04/10/2018,pass,,,N701,S503,20,15.5,46,5,5,Y,Y,Y,5,5,66,0,,0,,,
164,06/06/2016,KB6-C-D15.S5,KB6_C_D15,KB6,deciduous,C,VZ80070,15,2week,N,?,?,,?,04/10/2018,pass,,,N701,S505,20,15.7,44,5,5,Y,Y,Y,5,5,66,0,,0,,,
165,06/06/2016,KB6-D-D15.S10,KB6_D_D15,KB6,deciduous,D,VZ80071,15,2week,N,?,?,,?,04/10/2018,pass,,,N702,S502,19.1,16.1,45,5,5,Y,Y,Y,5,5,66,0,,0,,,
166,06/06/2016,KB6-E-D15.S11,KB6_E_D15,KB6,deciduous,E,VZ80072,15,2week,N,?,?,,?,04/10/2018,pass,,,N702,S503,20.1,14.2,36,5,5,Y,Y,Y,5,5,66,0,,0,,,
167,28/05/2016,KB61D-D9.S69,KB61D-D9.S69,KB61,deciduous,D,VZ80040,9,1week,N,,NW,BOX1 (pg2),0.136,15/06/2018,less than 40K,,,N709,S506,,11.4,,4,4,Y,Y,Y,4,4,65,0,NA,0,,,
168,29/05/2016,NA,NA,KB61,deciduous,C,,7,1week,N,,,unaccounted for,,NA,missing,,,NA,NA,,unk,,,4,Y,Y,Y,4,4,65,0,NA,0,,,
169,31/05/2016,KB61-A-D12.S30,KB61_A_D12,KB61,deciduous,A,VZ80037,12,2week,N,?,,,?,04/10/2018,pass,,,N704,S506,,17.4,,4,4,Y,Y,Y,4,4,65,0,NA,0,,,
170,31/05/2016,KB61D-D12.S15,KB61D-D12.S15,KB61,deciduous,D,VZ80040,12,2week,N,,NW,BOX1,2.57,15/06/2018,pass,,,N703,S502,,15.9,,4,4,Y,Y,Y,4,4,65,0,NA,0,,,
171,03/06/2016,KB61-C-D15.S38,KB61_C_D15,KB61,deciduous,C,VZ80039,15,2week,N,?,,,?,04/10/2018,pass,,,N705,S506,21,18.4,43,4,4,Y,Y,Y,4,4,65,0,NA,0,,,
172,03/06/2016,KB61-D-15-172.S65,KB61_D_15_172,KB61,deciduous,D,VZ80040,15,2week,N,30/11/2017,GD,,0.214,22/10/2018,pass,,,N709,S517,21,18.3,44,4,4,Y,Y,Y,4,4,65,0,NA,0,,,
173,18/06/2016,KB905A-D8.S18,KB905A-D8.S18,KB905,deciduous,A,VZ80478,8,1week,N,,NW,BOX1,0.205,15/06/2018,pass,,,N706,S502,,12.6,,6,7,Y,Y,Y,3,7,83,4,"B,C,E",0,,,
174,18/06/2016,KB905B.S6,KB905B.S6,KB905,deciduous,B,,8,1week,N,,NW,,,06/03/2018,pass,,,N706,S517,,11.5,,6,7,N,N,N,3,7,83,4,"B,C,E",0,,,
175,18/06/2016,KB905-C-D8.S21,KB905_C_D8,KB905,deciduous,C,,8,1week,N,?,,,?,04/10/2018,pass,,,N703,S505,,11.5,,6,7,N,N,N,3,7,83,4,"B,C,E",0,,,
176,18/06/2016,KB905-D-8-176.S88,KB905_D_8_176,KB905,deciduous,D,,8,1week,N,29/11/2017,GD,,1.77,22/10/2018,pass,,,N711,S508,,10.5,,6,7,Y,Y,Y,3,7,83,4,"B,C,E",0,,,
177,18/06/2016,NA,KB905_E_B_177_dilute,KB905,deciduous,E-dilute,,dup,dup,Y,29/11/2017,GD,two samples to test if difference between diluted or neat,,22/10/2018,pass,,removed,N711,S504,,dup,,dup,7,dup,,,3,7,83,4,"B,C,E",0,,,
177b,18/06/2016,KB905-E-B-177-neat.S96,KB905_E_B_177_neat,KB905,deciduous,E-neat,,8,1week,Y,,,two samples to test if difference between diluted or neat,3.36,22/10/2018,pass,,,N712,S508,,8.4,,,7,N,N,N,3,7,83,4,"B,C,E",0,,,
178,18/06/2016,KB905-F-15-178.S43,KB905_F_15_178,KB905,deciduous,F,,8,1week,N,,,"DEFINITELY DAY 8, not Day 15",,08/11/2018,failedAtSequencing,yes,,N703,S502,,8.4,,6,7,N,N,N,3,7,83,4,"B,C,E",0,,,
179,24/06/2016,KB905A-D15.S4,KB905A-D15.S4,KB905,deciduous,A,VZ80478,15,2week,N,,NW,BOX1,0.275,15/06/2018,pass,,,N704,S517,21.1,17.9,42,3,7,Y,Y,Y,3,7,83,4,"B,C,E",0,,,
180,10/06/2016,KB909A-D8.S94,KB909A-D8.S94,KB909,deciduous,A,VZ72621,8,1week,N,,NW,BOX1 (pg2),0.109,15/06/2018,pass,,,N710,S508,,12.8,,5,6,Y,Y,Y,5,6,78,1,NA,0,,,
181,18/06/2016,KB909-A-15-181.S67,KB909_A_15_181,KB909,deciduous,A,VZ72621,15,2week,N,30/11/2017,GD,,0.26,22/10/2018,pass,,,N709,S503,20,16.8,51,5,6,Y,Y,Y,5,6,78,1,NA,0,,,
182,18/06/2016,NA,NA,KB909,deciduous,B,VZ72622,15,2week,N,,,unaccounted for,,NA,missing,,,NA,NA,20.7,16.7,51,5,6,Y,Y,Y,5,6,78,1,NA,0,,,
183,18/06/2016,KB909-C-D15.S39,KB909_C_D15,KB909,deciduous,C,VZ72623,15,2week,N,?,,,?,04/10/2018,pass,,,N705,S507,20,18,51,5,6,Y,Y,Y,5,6,78,1,NA,0,,,
184,18/06/2016,NA,NA,KB909,deciduous,D,VZ72624,15,2week,N,?,,,?,NA,failed at amplification,,,NA,NA,19.6,16.9,47,5,6,Y,Y,Y,5,6,78,1,NA,0,,,
185,18/06/2016,KB909-E-D15.S40,KB909_E_D15,KB909,deciduous,E,VZ72625,15,2week,N,?,,,?,04/10/2018,pass,,,N705,S508,18.9,14.4,39,5,6,Y,Y,Y,5,6,78,1,NA,0,,,
186,05/06/2016,KB910-A-D15.S42,KB910_A_D15,KB910,deciduous,A,VZ80056,15,2week,N,?,,,?,04/10/2018,pass,,,N706,S502,,16.7,,4,5,Y,Y,Y,4,5,60,1,,0,,,
187,01/06/2016,KB916C-D8.S90,KB916C-D8.S90,KB916,deciduous,C,VZ80405,8,1week,N,,,,,15/06/2018,pass,,,N706,S508,,12.6,,5,7,Y,Y,Y,3,7,64,4,"D,E",0,,,
188,02/06/2016,KB916C-D9.S81,KB916C-D9.S81,KB916,deciduous,C,VZ80405,9,1week,N,,NW,BOX1 (pg2),0.639,15/06/2018,less than 40K,,,N709,S507,,13.7,,5,7,Y,Y,Y,3,7,64,4,"D,E",0,,,
189,08/06/2016,KB916-A-D15.S50,KB916_A_D15,KB916,deciduous,A,VZ80403,15,2week,N,?,,,?,04/10/2018,pass,,,N707,S502,20.2,17.8,47,3,7,Y,Y,Y,3,7,64,4,"D,E",0,,,
190,08/06/2016,KB916-B-D15.S49,KB916_B_D15,KB916,deciduous,B,VZ80404,15,2week,N,?,,,?,04/10/2018,pass,,,N707,S517,20.5,14.8,44,3,7,Y,Y,Y,3,7,64,4,"D,E",0,,,
191,08/06/2016,KB9116-C-D15.S26,KB9116_C_D15,KB916,deciduous,C,VZ80405,15,2week,N,?,,,?,04/10/2018,pass,,,N704,S502,21.1,17.5,47,3,7,Y,Y,Y,3,7,64,4,"D,E",0,,,
192,03/06/2016,NA,NA,KB922,deciduous,A,VZ80426,7,1week,N,,NW,,0.12,NA,failed at amplification,,,NA,NA,,11.1,,4,5,Y,Y,Y,3,6,71,2,D,0,,,
193,03/06/2016,KB922C-D7.S93,KB922C-D7.S93,KB922,deciduous,C,VZ80428,7,1week,N,,NW,BOX1 (pg2),0.141,15/06/2018,less than 40K,,,N709,S508,,10.9,,4,5,Y,Y,Y,3,6,71,2,D,0,,,
194,03/06/2016,KB922B-D7.S19,KB922B-D7.S19,KB922,deciduous,B,VZ80427,7,1week,N,NW,,BOX1,0.148,15/06/2018,pass,,,N707,S502,,10.7,,4,5,Y,Y,Y,3,6,71,2,D,0,,,
195,06/06/2016,KB922B-D10.S84,KB922B-D10.S84,KB922,deciduous,B,VZ80427,10,1week,N,,NW,BOX1 (pg2),0.422,15/06/2018,pass,,,N712,S507,,12.9,,4,5,Y,Y,Y,3,6,71,2,D,0,,,
196,06/06/2016,KB922-D-10-196-neat.S95,KB922_D_10_196_neat,KB922,deciduous,D-neat,,10,1week,Y,29/11/2017,GD,two samples to test if difference between diluted or neat,3.64,22/10/2018,pass,,,N712,S507,,11.4,,4,5,N,N,N,3,6,71,2,D,0,,,
196b,06/06/2016,NA,KB922_D_10_196_dilute,KB922,deciduous,D-dilute,,dup,dup,Y,,,two samples to test if difference between diluted or neat,,22/10/2018,pass,,removed,N711,S503,,dup,,dup,5,dup,,,3,6,71,2,D,0,,,
197,11/06/2016,KB922A-D15.S12,KB922A-D15.S12,KB922,deciduous,A,VZ80426,15,2week,N,,NW,BOX1,0.428,15/06/2018,pass,,,N712,S517,19.2,15.3,15.3,3,5,Y,Y,Y,3,6,71,2,D,0,,,
198,11/06/2016,KB922-B-D15.S7,KB922_B_D15,KB922,deciduous,B,VZ80427,15,2week,N,,NW,BOX2,0.926,04/10/2018,pass,,,N701,S507,20.4,15.9,15.9,3,5,Y,Y,Y,3,6,71,2,D,0,,,
199,11/06/2016,KB922-C-15-199.S69,KB922_C_15_199,KB922,deciduous,C,VZ80428,15,2week,N,30/11/2017,GD,,0.524,22/10/2018,pass,,,N709,S505,20,14.8,14.8,3,5,Y,Y,Y,3,6,71,2,D,0,,,
200,01/06/2016,KB924B-D8.S85,KB924B-D8.S85,KB924,deciduous,B,VZ80401,8,1week,N,,NW,BOX1 (pg2),0.102,15/06/2018,pass,,,N701,S508,,13.1,,3,3,Y,Y,Y,3,3,68,0,NA,0,,,
201,02/06/2016,KB924-B-9-201.S89,KB924_B_9_201,KB924,deciduous,B,VZ80401,9,1week,N,29/11/2017,GD,,0.91,22/10/2018,pass,,,N712,S517,,14.9,,3,3,Y,Y,Y,3,3,68,0,NA,0,,,
202,08/06/2016,NA,NA,KB924,deciduous,A,VZ80100,15,2week,N,?,,,?,NA,failed at amplification,,,NA,NA,21.6,18.6,54,3,3,Y,Y,Y,3,3,68,0,NA,0,,,
203,08/06/2016,KB924B.S37,KB924B.S37,KB924,deciduous,B,VZ80401,15,2week,N,,?,DAY NOT SPECIFIED,,15/06/2018,pass,yes,,N701,S504,21.3,18.2,54,3,3,Y,Y,Y,3,3,68,0,NA,0,,,
204,08/06/2016,KB924-C-D15.S55,KB924_C_D15,KB924,deciduous,C,VZ80402,15,2week,N,?,,,?,04/10/2018,pass,,,N707,S507,21.3,16.8,51,3,3,Y,Y,Y,3,3,68,0,NA,0,,,
205,05/06/2016,KB932A-D8.S76,KB932A-D8.S76,KB932,deciduous,A,VZ80432,8,1week,N,,NW,BOX1 (pg2),0.176,15/06/2018,less than 40K,,,N704,S507,,10.8,,5,6,Y,Y,Y,5,7,78,1,unknown,0,,,
206,12/06/2016,KB932-A-15-206.S66,KB932_A_15_206,KB932,deciduous,A,VZ80432,15,2week,N,30/11/2017,GD,,0.176,22/10/2018,pass,,,N709,S502,19.2,15.5,47,5,6,Y,Y,Y,5,7,78,1,unknown,0,,,
207,12/06/2016,KB932-C-D15.S56,KB932_C_D15,KB932,deciduous,C,VZ80434,15,2week,N,?,,,?,04/10/2018,pass,,,N707,S508,19.6,14.4,44,5,6,Y,Y,Y,5,7,78,1,unknown,0,,,
208,12/06/2016,NA,NA,KB932,deciduous,D,VZ80435,15,2week,N,?,,,?,NA,failed at amplification,,,NA,NA,20.4,15.5,46,5,6,Y,Y,Y,5,7,78,1,unknown,0,,,
209,12/06/2016,KB932-E-D15.S60,KB932_E_D15,KB932,deciduous,E,VZ80436,15,2week,N,?,,,?,04/10/2018,less than 40K,,,N708,S504,19.1,13.2,43,5,6,Y,Y,Y,5,7,78,1,unknown,0,,,
210,06/06/2016,LS2A-D8.S67,LS2A-D8.S67,LS2,conifer,A,VZ80452,8,1week,N,,NW,BOX1 (pg2),0.511,15/06/2018,pass,,,N707,S506,,13.3,,3,3,Y,Y,Y,3,3,74,0,,0,,,
211,06/06/2016,LS2B-D8.S20,LS2B-D8.S20,LS2,conifer,B,VZ80453,8,1week,N,,NW,BOX1,2.18,15/06/2018,failedAtSequencing,,,N708,S502,,12.5,,3,3,Y,Y,Y,3,3,74,0,,0,,,
212,06/06/2016,LS2C-D8.S92,LS2C-D8.S92,LS2,conifer,C,VZ80454,8,1week,N,,NW,BOX1 (pg2),1.92,15/06/2018,pass,,,N708,S508,20.6,10.5,50,3,3,Y,Y,Y,3,3,74,0,,0,,,
213,13/06/2016,LS2A-213.S32,LS2A-213.S32,LS2,conifer,A,VZ80452,15,2week,N,,NW,BOX1,0.502,15/06/2018,pass,,,N708,S503,20,18.7,46,3,3,Y,Y,Y,3,3,74,0,,0,,,
214,13/06/2016,LS2B-D15.S41,LS2B-D15.S41,LS2,conifer,B,VZ80453,15,2week,N,,NW,BOX1,0.831,15/06/2018,pass,,,N705,S504,20.3,17.4,50,3,3,Y,Y,Y,3,3,74,0,,0,,,
215,13/06/2016,LS2-C-15-215.S28,LS2_C_15_215,LS2,conifer,C,VZ80454,15,2week,N,04/12/2017,GD,,0.36,22/10/2018,pass,,,N704,S504,,17.5,,,3,Y,Y,Y,3,3,74,0,,0,,,
216,03/06/2016,LS21A-D9.S80,LS21A-D9.S80,LS21,conifer,A,VZ80079,9,1week,N,,NW,BOX1 (pg2),0.135,15/06/2018,pass,,,N708,S507,,15.5,,5,5,Y,Y,Y,5,5,70,0,,0,,,
217,03/06/2016,NA,NA,LS21,conifer,B,VZ80080,9,1week,N,,,unaccounted for,,NA,missing,,,NA,NA,,15.2,,5,5,Y,Y,Y,5,5,70,0,,0,,,
218,03/06/2016,LS21C-D9.S22,LS21C-D9.S22,LS21,conifer,C,VZ80081,9,1week,N,,NW,BOX1,0.297,15/06/2018,pass,,,N710,S502,,14.6,,5,5,Y,Y,Y,5,5,70,0,,0,,,
219,03/06/2016,NA,NA,LS21,conifer,D,VZ80082,9,1week,N,?,,,?,NA,failed at amplification,,,NA,NA,,13.9,,5,5,Y,Y,Y,5,5,70,0,,0,,,
220,03/06/2016,LS21E-D9.S89,LS21E-D9.S89,LS21,conifer,E,VZ80083,9,1week,N,,NW,BOX1 (pg2),0.717,15/06/2018,pass,,,N705,S508,,13.4,,5,5,Y,Y,Y,5,5,70,0,,0,,,
221,09/06/2016,LS21A-D15.S3,LS21A-D15.S3,LS21,conifer,A,VZ80079,15,2week,N,,NW,BOX1,0.286,15/06/2018,pass,,,N703,S517,20.1,18.3,52,5,5,Y,Y,Y,5,5,70,0,,0,,,
222,09/06/2016,LS21B-D15.S7,LS21B-D15.S7,LS21,conifer,B,VZ80080,15,2week,N,,NW,BOX1,0.372,15/06/2018,pass,,,N707,S517,20.5,17.2,51,5,5,Y,Y,Y,5,5,70,0,,0,,,
223,09/06/2016,LS21C-D15.S2,LS21C-D15.S2,LS21,conifer,C,VZ80081,15,2week,N,,NW,BOX1,0.219,15/06/2018,pass,,,N702,S517,20.2,17.7,51,5,5,Y,Y,Y,5,5,70,0,,0,,,
224,09/06/2016,LS21D-Day-15.S1,LS21D-Day-15.S1,LS21,conifer,D,VZ80082,15,2week,N,,NW,BOX1,0.677,15/06/2018,pass,,,N701,S517,20.2,17.3,49,5,5,Y,Y,Y,5,5,70,0,,0,,,
225,09/06/2016,NA,NA,LS21,conifer,E,VZ80083,15,2week,N,,,unaccounted for,,NA,missing,,,NA,NA,19.2,16,49,5,5,Y,Y,Y,5,5,70,0,,0,,,
226,10/06/2016,SP114-A-D9.S24,SP114_A_D9,SP114,deciduous,A,VZ72618,9,1week,N,?,?,,?,04/10/2018,pass,,,N703,S508,,16,,3,4,Y,Y,Y,3,4,77,1,unknown- before day 8,0,,,
227,10/06/2016,SP114C-D9.S26,SP114C-D9.S26,SP114,deciduous,C,VZ72620,9,1week,N,,NW,BOX1,0.195,15/06/2018,pass,,,N702,S503,,14.7,,3,4,Y,Y,Y,3,4,77,1,unknown- before day 8,0,,,
228,16/06/2016,SP11C-228.S38,SP11C-228.S38,SP114,deciduous,C,VZ72620,15,2week,N,,NW,BOX1 - written SP11 on sequence plate,0.319,15/06/2018,pass,,,N702,S504,19.5,16.3,46,3,4,Y,Y,Y,3,4,77,1,unknown- before day 8,0,,,
229,07/06/2016,SP16-B-D8.S64,SP16_B_D8,SP16,deciduous,B,,8,1week,N,?,,,?,04/10/2018,pass,,,N708,S508,,11.8,,5,5,N,N,N,3,5,74,2,"B,E",0,,,
230,14/06/2016,SP16-A-D15.S62,SP16_A_D15,SP16,deciduous,A,VZ80464,15,2week,N,?,,,?,04/10/2018,pass,,,N708,S506,19.3,14.5,40,3,5,Y,Y,Y,3,5,74,2,"B,E",0,,,
231,14/06/2016,SP16-C-D15.S85,SP16_C_D15,SP16,deciduous,C,VZ80465,15,2week,N,?,,,?,22/10/2018,pass,,,N711,S505,19.7,13.9,42,3,5,Y,Y,Y,3,5,74,2,"B,E",0,,,
232,14/06/2016,SP16-D-D15.S67,SP16_D_D15,SP16,deciduous,D,VZ80466,15,2week,N,?,,,?,04/10/2018,pass,,,N709,S503,19.4,12.3,36,3,5,Y,Y,Y,3,5,74,2,"B,E",0,,,
233,05/06/2016,SP18B-D7.S66,SP18B-D7.S66,SP18,deciduous,B,VZ80456,7,1week,N,,NW,BOX1 (pg2),0.209,15/06/2018,pass,,,N706,S506,21,10.5,47,5,6,Y,Y,Y,4,6,75,2,E + unknown - before day 8,0,,,
234,13/06/2016,SP18-A-D15.S69,SP18_A_D15,SP18,deciduous,A,VZ80455,15,2week,N,?,,,?,04/10/2018,less than 40K,,,N709,S505,20.2,17.7,48,4,6,Y,Y,Y,4,6,75,2,E + unknown - before day 8,0,,,
235,13/06/2016,SP18B-D15.S11,SP18B-D15.S11,SP18,deciduous,B,VZ80456,15,2week,N,,NW,BOX1,0.099,15/06/2018,pass,,,N711,S517,21.4,16.1,45,4,6,Y,Y,Y,4,6,75,2,E + unknown - before day 8,0,,,
236,13/06/2016,SP18-C-D15.S70,SP18_C_D15,SP18,deciduous,C,VZ80457,15,2week,N,?,,,?,04/10/2018,less than 40K,,,N709,S506,20.2,17.2,37,4,6,Y,Y,Y,4,6,75,2,E + unknown - before day 8,0,,,
241,10/06/2016,SP7-A-15-241.S44,SP7_A_15_241,SP7,deciduous,A,VZ80417,15,2week,N,,,New box (was niki's box),,08/11/2018,pass,,,N703,S503,20.8,16.8,44,5,6,Y,Y,Y,5,6,71,1,E,0,,,
242,10/06/2016,NA,NA,SP7,deciduous,C,VZ80419,15,2week,N,,,New box (was niki's box),,NA,failed at amplification,,,NA,NA,20,15.5,42,5,6,Y,Y,Y,5,6,71,1,E,0,,,
243,10/06/2016,NA,NA,SP7,deciduous,D,VZ80420,15,2week,N,,,New box (was niki's box),,NA,failed at amplification,,,NA,NA,20.2,14.5,42,5,6,Y,Y,Y,5,6,71,1,E,0,,,
244,06/06/2016,SP906A-D8.S79,SP906A-D8.S79,SP906,deciduous,A,VZ80459,8,1week,N,,NW,BOX1 (pg2),0.219,15/06/2018,pass,,,N707,S507,,11.5,,1,1,Y,Y,Y,1,2,69,0,NA,0,,,
245,13/06/2016,SP906A-D15.S10,SP906A-D15.S10,SP906,deciduous,A,VZ80459,15,2week,N,,NW,BOX1,0.193,15/06/2018,pass,,,N710,S517,19.5,17,43,1,1,Y,Y,Y,1,2,69,0,NA,0,,,
246,28/05/2016,NA,NA,BP10,conifer,F,D534573,mature,adult,N,,NW,New Box,0.188,NA,failed at amplification 24.10.18,,,NA,NA,19.5,17.3,73,6,7,NA,,,6,7,61,1,NA,0,,,
247,28/05/2016,BP10-M-247.S43,BP10_M_247,BP10,conifer,M,D534574,mature,adult,N,04/12/2017,GD,,0.622,22/10/2018,pass,,,N706,S503,21,17.4,75,6,7,NA,,,6,7,61,1,NA,0,,,1
248,04/06/2016,BP6M-248.S96,BP6M-248.S96,BP6,conifer,M,S152716,mature,adult,N,,NW,BOX1,0.097,15/06/2018,pass,,,N712,S508,20.5,17.5,77,6,6,NA,,,5,6,67,1,F,0,,,1
249,03/06/2016,NA,NA,BP6,conifer,F,TX52408,mature,adult,N,,,unaccounted for,,NA,missing,,,NA,NA,19.7,16.3,72,6,6,NA,,,5,6,67,1,F,0,,,
250,01/06/2016,BP7F.S1,BP7F.S1,BP7,conifer,F,D534838,mature,adult,N,18/12/2017,GD,,NW lab book,06/03/2018,pass,,,N701,S517,20.1,16.2,73,5,7,NA,,,5,7,66,2,E,0,,,1
251,04/06/2016,NA,NA,BP7,conifer,M,S152717,juvenile,adult,N,,,unaccounted for,,NA,missing,,,NA,NA,19.4,16.4,72,5,7,NA,,,5,7,66,2,E,0,,,
252,28/05/2016,BP9F-252.S88,BP9F-252.S88,BP9,conifer,F,A057175,mature,adult,N,,NW,BOX1 (pg2),0.193,15/06/2018,pass,,,N704,S508,19.8,18.2,74,4,4,NA,,,4,4,62,0,NA,0,,,0
253,26/05/2016,BPM-26-5-16.S72,BPM-26-5-16.S72,BP9,conifer,M,D534837,mature,adult,N,,NW,BOX1 (pg2),0.077,15/06/2018,pass,,,N712,S506,20.1,17.4,76,4,4,NA,,,4,4,62,0,NA,0,,,1
254,17/06/2016,CB39-M-254.S33,CB39_M_254,CB39,deciduous,M,D534833,mature,adult,N,04/12/2017,GD,,0.12,22/10/2018,less than 40K,,,N705,S517,21.1,17.5,77,3,3,NA,,,0,3,82,3,NA,0,,,1
255,31/05/2016,CB4F.S2,CB4F.S2,CB4,deciduous,F,S152120,mature,adult,N,18/12/2017,GD,,NW lab book,06/03/2018,pass,,,N702,S517,20.6,17.5,75,4,4,NA,,,4,5,64,0,NA,0,,,0
256,31/05/2016,CB4M-256.S83,CB4M-256.S83,CB4,deciduous,M,S152121,mature,adult,N,,NW,BOX1 (pg2),0.082,15/06/2018,pass,,,N711,S507,20.4,18.8,77,4,4,NA,,,4,5,64,0,NA,0,,,1
257,08/06/2016,CB5M-257.S21,CB5M-257.S21,CB5,deciduous,M,S114928,mature,adult,N,,NW,LIKELY CONTAMINATED (SAMPLE FELL ON BOOT),TOO LOW ,15/06/2018,less than 40K,,,N709,S502,20,16.5,77,4,4,NA,,,4,4,73,0,NA,0,,,0
258,08/06/2016,CB5-F-258.S44,CB5_F_258,CB5,deciduous,F,Z663176,mature,adult,N,04/12/2017,GD,,0.226,22/10/2018,pass,,,N706,S504,20,17.5,72,4,4,NA,,,4,4,73,0,NA,0,,,1
259,01/06/2016,CB53M.S3,CB53M.S3,CB53,deciduous,M,Z663130,mature,adult,N,18/12/2017,GD,,NW lab book,06/03/2018,pass,,,N703,S517,19.8,17.4,77,5,5,NA,,,0,5,65,5,,,na,,0
260,01/06/2016,CB53F-260.S42,CB53F-260.S42,CB53,deciduous,F,Z663131,mature,adult,N,,NW,BOX1,0.194,15/06/2018,pass,,,N706,S504,20.4,17.1,73,5,5,NA,,,0,5,65,5,,,na,,0
261,26/06/2016,CB59-M-261.S27,CB59_M_261,CB59,deciduous,M,S152776,mature,adult,N,04/12/2017,GD,,0.364,22/10/2018,pass,,,N704,S503,20.7,17.3,76,4,5,NA,,,4,5,88,1,NA,0,,,0
262,10/06/2016,NA,NA,CB6,deciduous,F,D895564,mature,adult,N,18/12/2017,GD,New Box,NW lab book,NA,failed at amplification 24.10.18,,,NA,NA,20.6,17.1,74,5,6,NA,,,4,6,75,2,NA,0,,,
263,31/05/2016,CB60-F-263.S37,CB60_F_263,CB60,deciduous,F,D534677,mature,adult,N,04/12/2017,GD,,0.312,22/10/2018,pass,,,N705,S505,19.3,17.7,73,7,7,NA,,,4,7,61,3,,0,,,0
264,01/06/2016,CB60-M-264.S11,CB60_M_264,CB60,deciduous,M,D895510,mature,adult,N,05/12/2017,GD,,0.208,22/10/2018,pass,,,N702,S503,20.9,18.2,76,6,7,NA,,,4,7,61,3,,0,,,0
265,02/06/2016,DW11F-265.S43,DW11F-265.S43,DW11,deciduous,F,D534665,mature,adult,N,,NW,,BOX1,15/06/2018,pass,,,N707,S504,20.7,17.6,73,4,5,NA,,,4,5,67,1,E,0,,,0
266,02/06/2016,DW11M-2-6-16.S25,DW11M-2-6-16.S25,DW11,deciduous,M,Z663038,mature,adult,N,,NW,,BOX1,15/06/2018,pass,,,N701,S503,20.5,17.8,76,4,5,NA,,,4,5,67,1,E,0,,,1
267,01/06/2016,NA,NA,DW18,deciduous,M,D534610,mature,adult,N,,NW,New Box,,NA,failed at amplification 24.10.18,,,NA,NA,20.9,18.1,76,4,4,NA,,,4,4,66,0,,0,,,
269,14/06/2016,DW20-M-269.S74,DW20_M_269,DW20,deciduous,M,Z663042,mature,adult,N,29/11/2017,GD,,,22/10/2018,pass,,,N710,S502,20.6,16.6,76,4,4,NA,,,4,5,77,0,NA,0,,,0
270,11/06/2016,DW23-F-270.S72,DW23_F_270,DW23,deciduous,F,D534818,mature,adult,N,29/11/2017,GD,,,22/10/2018,pass,,,N709,S508,19.4,16,72,6,6,NA,,,4,7,75,0,NA,2,VZ80471-VZ80472,,1
271,11/06/2016,NA,NA,DW23,deciduous,M,Z663039,mature,adult,N,,,New Box,,NA,failed at amplification 24.10.18,,,NA,NA,21.5,17.7,79,6,6,NA,,,4,7,75,0,NA,2,VZ80471-VZ80472,,
272,08/06/2016,NA,NA,DW25,deciduous,M,S152221,mature,adult,N,05/12/2017,GD,0.789,,NA,failed at amplification,,,NA,NA,21.8,18.8,77,NA,4,NA,,,2,4,76,2,C and possibly unknown,0,,,
273,12/06/2016,DW29M-273.S95,DW29M-273.S95,DW29,deciduous,M,TX52271,juvenile,adult,N,,NW,BOX1 (pg2),,15/06/2018,pass,,,N711,S508,20.3,17.5,75,4,4,NA,,,0,5,76,4,A-D,,,,0
274,14/06/2016,DW3M-14-6-16.S34,DW3M-14-6-16.S34,DW3,deciduous,M,TX52431,mature,adult,N,,NW,BOX1,,15/06/2018,pass,,,N710,S503,21.1,18.1,78,4,4,NA,,,4,5,79,0,NA,0,,,0
275,18/06/2016,DW30F-275.S36,DW30F-275.S36,DW30,deciduous,F,D895555,mature,adult,N,,NW,BOX1,,15/06/2018,pass,,,N712,S503,20.3,16.6,73,4,4,NA,,,0,?,77,4,na,,,,1
276,07/06/2016,DW38F-276.S29,DW38F-276.S29,DW38,deciduous,F,S114907,mature,adult,N,,,,,15/06/2018,pass,,,N705,S503,19.9,16.9,74,5,5,NA,,,5,5,71,0,NA,0,,,0
277,01/06/2016,DW49F.S4,DW49F.S4,DW49,deciduous,F,S152069,mature,adult,N,18/12/2017,GD,NW lab book,,06/03/2018,pass,,,N704,S517,19.9,16.8,75,5,5,NA,,,2,5,66,3,na,0,,,1
278,02/06/2016,DW49-M-278.S17,DW49_M_278,DW49,deciduous,M,S152071,juvenile,adult,N,05/12/2017,GD,0.296,,22/10/2018,pass,,,N703,S517,21,16,75,5,5,NA,,,2,5,66,3,na,0,,,0
279,31/05/2016,DW7F-31-5-16.S44,DW7F-31-5-16.S44,DW7,deciduous,M,D534777,mature,adult,N,,,mislabelled as F,,15/06/2018,pass,yes,,N708,S504,20.4,17.1,77,4,4,NA,,,4,6,67,0,,0,,,0
280,01/06/2016,DW7-F-280.S73,DW7_F_280,DW7,deciduous,F,D534789,mature,adult,N,29/11/2017,GD,100% sure this is correct,,22/10/2018,pass,,,N710,S517,20.6,17.3,72,4,4,NA,,,4,6,67,0,,0,,,0
281,03/06/2016,DW9-F-281.S71,DW9_F_281,DW9,deciduous,F,D895526,mature,adult,N,29/11/2017,GD,,,22/10/2018,pass,,,N709,S507,20.6,17.7,72,2,2,NA,,,2,5,68,0,NA,0,,,1
282,03/06/2016,DW9-M-282.S32,DW9_M_282,DW9,deciduous,M,L739144,mature,adult,N,04/12/2017,GD,,,22/10/2018,pass,,,N704,S508,21.8,19.9,79,2,2,NA,,,2,5,68,0,NA,0,,,0
283,08/06/2016,FR28-M-283.S77,FR28_M_283,FR18,conifer,M,S152376,mature,adult,N,29/11/2017,GD,"mislabelled as FR28, should be FR18",,22/10/2018,less than 40K,yes,,N710,S505,20.5,17.6,76,4,5,NA,,,4,5,72,1,E,0,,,0
286,29/05/2016,IN35F-29-5-16.S50,IN35F-29-5-16.S50,IN35,deciduous,F,S152170,juvenile,adult,N,,NW,BOX2,,15/06/2018,pass,,,N702,S505,20,18.5,72,4,4,NA,,,4,4,62,0,NA,0,,,0
287,04/06/2016,IN4F-287.S27,IN4F-287.S27,IN4,deciduous,F,S152210,mature,adult,N,,NW,BOX1,,15/06/2018,pass,,,N703,S503,20,15.6,72,6,7,NA,,,6,7,63,1,,0,,,0
288,04/06/2016,NA,NA,IN4,deciduous,M,S152721,mature,adult,N,NOT EXTRACTED,NA,SAMPLE TOO SMALL,,NA,failed - not extracted,,,NA,NA,20,17.1,75,NA,7,NA,,,6,7,63,1,,0,,,
289,05/06/2016,IN6M-289.S28,IN6M-289.S28,IN6,deciduous,M,S152725,mature,adult,N,,NW,BOX1,,15/06/2018,pass,,,N704,S503,19.9,17.8,77,5,5,NA,,,3,6,70,2,"unknown, not previously marked",0,,,0
290,05/06/2016,NA,NA,IN6,deciduous,F,S152726,mature,adult,N,,NW,New Box,,NA,failed at amplification 24.10.18,,,NA,NA,19.9,17.2,73,NA,5,NA,,,3,6,70,2,"unknown, not previously marked",0,,,
291,06/06/2016,NA,NA,KB1,deciduous,F,Z663014,mature,adult,N,,,New Box,,NA,failed at amplification 24.10.18,,,NA,NA,20.3,17.6,72,NA,4,NA,,,3,4,72,0,NA,0,,,
292,06/06/2016,KB16-M-292.S8,KB16_M_292,KB16,deciduous,M,S152361,mature,adult,N,05/12/2017,GD,,1.05,22/10/2018,less than 40K,,,N701,S508,20.6,18.6,75,3,4,NA,,,4,4,79,0,NA,0,,,0
293,06/06/2016,KB16F-293.S87,KB16F-293.S87,KB16,deciduous,F,TX52053,mature,adult,N,?,,,?,15/06/2018,pass,,,N703,S508,19.6,17.6,73,3,4,NA,,,4,4,79,0,NA,0,,,0
295,01/06/2016,KB43F-295.S35,KB43F-295.S35,KB43,deciduous,F,S152334,juvenile,adult,N,?,,,?,15/06/2018,pass,,,N711,S503,19.8,17.4,71,4,6,NA,,,4,6,66,2,NA,0,,,1
296,01/06/2016,KB6-F-296.S26,KB6_F_296,KB6,deciduous,F,S152001,juvenile,adult,N,04/12/2017,GD,,,22/10/2018,pass,,,N704,S502,19.3,16.6,70,5,5,NA,,,5,5,66,0,,0,,,1
297,21/06/2016,KB905M-297.S23,KB905M-297.S23,KB905,deciduous,M,D895687,mature,adult,N,,NW,,BOX1,15/06/2018,pass,,,N711,S502,21.2,18.1,77,6,7,NA,,,3,7,83,4,"B,C,E",0,,,1
298,31/05/2016,NA,NA,KB910,deciduous,M,S152329,mature,adult,N,,,unaccounted for,,NA,missing,,,NA,NA,21.4,17.5,75,NA,5,NA,,,4,5,60,1,,0,,,
299,31/05/2016,KB910-F-299.S18,KB910_F_299,KB910,deciduous,F,S152330,mature,adult,N,05/12/2017,GD,,1.07,22/10/2018,pass,,,N703,S502,19.5,17.7,73,4,5,NA,,,4,5,60,1,,0,,,0
300,07/06/2016,KB922-M-300.S9,KB922_M_300,KB922,deciduous,M,Z663021,mature,adult,N,05/12/2017,GD,,0.894,22/10/2018,pass,,,N702,S517,20.6,18.2,77,4,5,NA,,,3,6,71,2,D,0,,,1
301,07/06/2016,KB922-F-301.S23,KB922_F_301,KB922,deciduous,F,Z663022,mature,adult,N,05/12/2017,GD,,1.54,22/10/2018,pass,,,N703,S507,19.5,16.8,70,4,5,NA,,,3,6,71,2,D,0,,,1
302,08/06/2016,KB932-F-302.S3,KB932_F_302,KB932,deciduous,F,Z663125,mature,adult,N,05/12/2017,GD,,2.42,22/10/2018,pass,,,N701,S503,18.9,16.6,69,5,6,NA,,,5,7,78,1,unknown,0,,,0
303,07/06/2016,KB932-M-303.S2,KB932_M_303,KB932,deciduous,M,Z663159,mature,adult,N,05/12/2017,GD,,0.156,22/10/2018,pass,,,N701,S502,20.5,17.5,77,5,6,NA,,,5,7,78,1,unknown,0,,,1
304,08/06/2016,LS2F.S8,LS2F.S8,LS2,conifer,F,S152378,juvenile,adult,N,,NW,,,06/03/2018,pass,,,N708,S517,19.3,17.1,71,3,3,NA,,,3,3,74,0,,0,,,0
305,05/06/2016,LS21M.S5,LS21M.S5,LS21,conifer,M,S152723,mature,adult,N,,NW,,,06/03/2018,pass,,,N705,S517,20.1,17.4,76,5,5,NA,,,5,5,70,0,,0,,,0
306,11/06/2016,SP114M-11-6-16.S45,SP114M-11-6-16.S45,SP114,deciduous,M,S152750,juvenile,adult,N,?,,,?,15/06/2018,less than 40K,,,N709,S504,20.2,16.3,74,3,4,NA,,,3,4,77,1,unknown- before day 8,0,,,
307,11/06/2016,SP114-F-307.S91,SP114_F_307,SP114,deciduous,F,S152751,juvenile,adult,N,29/11/2017,GD,,0.582,22/10/2018,pass,,,N712,S503,19.5,16.3,71,3,4,NA,,,3,4,77,1,unknown- before day 8,0,,,1
308,09/06/2016,NA,NA,SP16,deciduous,M,S152387,mature,adult,N,NOT EXTRACTED,NA,SAMPLE TOO SMALL,,NA,failed not extracted,,,NA,NA,20.4,17.2,75,NA,5,NA,,,3,5,74,2,"B,E",0,,,
309,08/06/2016,SP18M-309.S61,SP18M-309.S61,SP18,deciduous,M,D534810,mature,adult,N,,NW,BOX2,0.14,15/06/2018,pass,,,N701,S506,20.6,18.9,73,5,6,NA,,,4,6,75,2,E + unknown - before day 8,0,,,0
310,15/06/2016,SP26M-310.S82,SP26M-310.S82,SP26,deciduous,M,TH99116,mature,adult,N,,NW,BOX1 (pg2),0.108,15/06/2018,pass,,,N710,S507,19.8,17.4,78,4,5,NA,,,0,6,74,4,A-D,,,,1
311,05/06/2016,SP7M.S10,SP7M.S10,SP7,deciduous,M,BN32148,mature,adult,N,?,,,?,06/03/2018,pass,,,N710,S517,19.6,16.8,74,5,6,NA,,,5,6,71,1,E,0,,,0
312,27/06/2016,DW42A-D9.S65,DW42A-D9.S65,DW42,deciduous,A,VZ80246,9,1week,N,?,,"Note that DW42 D15 is missing, but DW42 D9 was attempted twice",?,15/06/2018,pass,,,N705,S506,,14.2,,3,4,Y,Y,Y,3,5,95?,1,na,0,,,
313,27/06/2016,DW42B-D9.S73,DW42B-D9.S73,DW42,deciduous,B,VZ80245,9,1week,N,?,,"Note that DW42 D15 is missing, but DW42 D9 was attempted twice",?,15/06/2018,pass,,,N701,S507,,14.1,,3,4,Y,Y,Y,3,5,95?,1,na,0,,,
314,27/06/2016,DW42C-D9.S71,DW42C-D9.S71,DW42,deciduous,C,VZ80247,9,1week,N,?,,"Note that DW42 D15 is missing, but DW42 D9 was attempted twice",?,15/06/2018,pass,,,N711,S506,,13.6,,3,4,Y,Y,Y,3,5,95?,1,na,0,,,
140 (aka G),11/06/2016,KB16-C-15-140.S47,KB16_C_15_140,KB16,deciduous,C,VZ80424,15,2week,N,20/10/2017,NW+NJ+GD,short box -clean up1,?,08/11/2018,pass,,,N703,S506,19.8,14.4,44,4,4,Y,Y,Y,4,4,79,0,NA,0,,,
141 (aka J),11/06/2016,KB16-D-15-141.S49,KB16_D_15_141,KB16,deciduous,D,VZ80425,15,2week,N,20/10/2017,NW+NJ+GD,short box -clean up1,?,08/11/2018,pass,,,N703,S508,20.5,15.7,44,4,4,Y,Y,Y,4,4,79,0,NA,0,,,
150 (aka Z),21/05/2016,KB27-B-8-150.S58,KB27_B_8_150,KB27,deciduous,B,,8,1week,N,?,NW+NJ,short box -clean up1,,08/11/2018,pass,,,N705,S517,,13.2,,,4,Y,Y,Y,4,4,53,0,NA,0,,,
151 (aka D),21/05/2016,NA,NA,KB27,deciduous,C,,8,1week,N,20/10/2017,NW+NJ+GD,short box -clean up1,,NA,failed at amplification,,,NA,NA,,12.3,,,4,Y,Y,Y,4,4,53,0,NA,0,,,
160 (aka X),07/06/2016,KB52-A-15-160.S56,KB52_A_15_160,KB52,deciduous,A,VZ80055,15,2week,Y,20/10/2017,NW+NJ,"duplicate -extracted from wet, also extracted dry",,08/11/2018,pass,,,N704,S507,20.9,16.8,48,1,1,Y,Y,Y,1,2,67,0,,0,,,
237 (aka A),13/06/2016,NA,NA,SP26,deciduous,B,,8,1week,N,20/10/2017,NW+NJ+GD,short box -clean up1,,NA,failed at extraction,,,NA,NA,,9.5,,4,5,N,N,N,0,6,74,4,A-D,,,,
238 (aka M),14/06/2016,SP26-A-9-238.S51,SP26_A_9_238,SP26,deciduous,A,,9,1week,N,20/10/2017,NW+NJ+GD,short box -clean up1,,08/11/2018,pass,,,N704,S502,,9.8,,4,5,N,N,N,0,6,74,4,A-D,,,,
239 (aka S),01/06/2016,NA,SP34_A_8_239,SP34,deciduous,A,,8,1week,Y,19/10/2017,NW+NJ+GD,duplicate - extracted dry,,08/11/2018,pass,,removed,N704,S503,,14.4,,5,5,N,N,N,0,5,66,5,A-E,,,,
240 (aka T),01/06/2016,NA,SP34_C_8_240,SP34,deciduous,C,,8,1week,Y,19/10/2017,NW+NJ+GD,duplicate - extracted dry,,08/11/2018,pass,,removed,N704,S504,,13.8,,5,5,N,N,N,0,5,66,5,A-E,,,,
268 (aka F),14/06/2016,DW20-F-268.S46,DW20_F_268,DW20,deciduous,F,D534607,mature,adult,N,20/10/2017,NW+NJ+GD,short box -clean up1,,08/11/2018,pass,,,N703,S505,20.4,16.9,72,4,4,NA,,,4,5,77,0,NA,0,,,0
284 (aka E),28/05/2016,NA,NA,IN1,deciduous,F,S152162,mature,adult,N,20/10/2017,NW+NJ+GD,short box -clean up1,,NA,failed at amplification,,,NA,NA,19.3,17,72,NA,7,NA,,,3,7,57,4,na,0,,,
285 (aka C),29/05/2016,IN1-M-285.S45,IN1_M_285,IN1,deciduous,M,S152169,mature,adult,N,20/10/2017,NW+NJ+GD,short box -clean up1,,08/11/2018,pass,,,N703,S504,21.9,18.7,75,3,7,NA,,,3,7,57,4,na,0,,,0
294 (aka B),12/06/2016,NA,NA,KB19,deciduous,M,Z663124,mature,adult,N,20/10/2017,NW+NJ+GD,short box -clean up1,,NA,failed at extraction,,,NA,NA,21,17.4,75,NA,5,NA,,,0,6,74,5,A-E,,,,
5 (aka I),08/06/2016,NA,,BP6,conifer,B,VZ80094,15,2week,N,20/10/2017,NW+NJ+GD,short box -clean up1,,written above,pass,,,,,20.8,16.7,54,4,6,Y,Y,Y,5,6,67,1,F,0,,,
59 (aka H),06/06/2016,NA,NA,DW18,deciduous,C,VZ80035,15,2week,N,20/10/2017,NW+NJ+GD,short box -clean up1,,NA,failed at amplification,,,NA,NA,21.9,19.5,50,4,4,Y,Y,Y,4,4,66,0,,0,,,
95 (aka K),05/06/2016,NA,NA,DW7,deciduous,C,VZ80066,15,2week,N,20/10/2017,NW+NJ+GD,short box -clean up1,,NA,failed at extraction,,,NA,NA,20,15.8,42,4,4,Y,Y,Y,4,6,67,0,,0,,,
96 (aka L),05/06/2016,DW7-D-15-96.S50,DW7_D_15_96,DW7,deciduous,D,VZ80067,15,2week,N,20/10/2017,NW+NJ+GD,short box -clean up1,,08/11/2018,pass,,,N704,S517,20,15.1,44,4,4,Y,Y,Y,4,6,67,0,,0,,,
U,01/06/2016,SP34-C-8.S54,SP34_C_8,SP34,deciduous,C,,8,1week,Y,?,NW+NJ,duplicate - extracted twice,,08/11/2018,pass,,,N704,S505,,13.8,,5,5,N,N,N,0,5,66,5,A-E,,,,
V,01/06/2016,SP34-A-8.S55,SP34_A_8,SP34,deciduous,A,,8,1week,Y,?,NW+NJ,duplicate -extracted wet? Also extracted dry,,08/11/2018,pass,,,N704,S506,,14.4,,5,5,N,N,N,0,5,66,5,A-E,,,,
W,01/06/2016,NA,NA,SP34,deciduous,A,,8,1week,Y,?,NW+NJ,REPEAT short box -clean up1,,NA,"bands, but repeat extraction",,NA,NA,NA,,14.4,,,5,N,N,N,0,5,66,5,A-E,,,,
Y,07/06/2016,NA,KB52_A_15,KB52,deciduous,A,VZ80055,dup,dup,Y,20/10/2017,NW+NJ,duplicate - extracted dry,,08/11/2018,pass,,removed,N704,S508,20.9,16.8,48,4,1,dup,,,1,2,67,0,,0,,,
NA,?,NA,NA,KB905,deciduous,F,NA,15,2week,N,20/10/2017,NW,Day 15 F died. Day 8 exists so perhaps typo?,NA,NA,failedAtSequencing,,,NA,NA,,unk,,,7,Y,Y,Y,3,7,83,4,"B,C,E",0,,,
NA,?,KB924C-D8.S75,KB924C-D8.S75,KB924,deciduous,unk-C?,unk,unk?,1week,N,?,?,not on original list - no sample taken according to field notes,?,15/06/2018,pass,,,N703,S507,,unk,,,3,Y,Y,Y,3,3,68,0,NA,0,,,
NA,06/06/2016,BP7-A-D15.S59,BP7_A_D15,BP7,conifer,A,VZ80084,9,2week,N,,?,mislabelled as D15,?,04/10/2018,pass,,,N708,S503,,11.4,,5,7,Y,Y,Y,5,7,66,2,E,0,,,
NA,,CB15-A-010716.S52,CB15_A_010716,CB15,deciduous,A?,VZ80025,15,2week,N,,,"ID not certain- permanent marker came off, not clipped",,04/10/2018,pass,,,N707,S504,21.2,17.5,48,4,5,Y,Y,Y,4,6,54,1,NA,,na,,
NA,30/05/2016,CB15-B-D15.S51,CB15_B_D15,CB15,deciduous,B?,VZ80026,15,2week,N,,,"ID not certain- permanent marker came off, not clipped",,04/10/2018,pass,,,N707,S503,19.9,16.3,46,4,5,Y,Y,Y,4,6,54,1,NA,,na,,
NA,01/07/2015,CB59-B-unk.S30,CB59_B_unk,CB59,deciduous,B,VZ80241,15,2week,N,,,"no age labelled, but definitely day 15",,08/11/2018,pass,,,N701,S505,19.2,21.7,54,4,5,Y,Y,Y,4,5,88,1,NA,0,,,
NA,16/06/2016,CB6-D16-VZ72615.S57,CB6_D16_VZ72615,CB6,deciduous,NA,VZ72615,16,2week,N,,,ringed day 16 as missed on spreadsheet. No day 8,,04/10/2018,pass,,,N708,S517,20.1,15.4,50,4,6,Y,Y,Y,4,6,75,2,NA,0,,,
NA,16/06/2016,CB6-D16-VZ72617.S58,CB6_D16_VZ72617,CB6,deciduous,NA,VZ72617,16,2week,N,,,ringed day 16 as missed on spreadsheet. No day 8,,04/10/2018,pass,,,N708,S502,20.3,16,53,4,6,Y,Y,Y,4,6,75,2,NA,0,,,
NA,16/06/2016,CB6-16-VZ72614.S28,CB6_16_VZ72614,CB6,deciduous,NA,VZ72614,16,2week,N,?,,ringed day 16 as missed on spreadsheet. No day 8,?,08/11/2018,pass,,,N701,S503,19.3,16.1,52,4,6,Y,Y,Y,4,6,75,2,NA,0,,,
NA,16/06/2016,CB6-16-VZ72616.S29,CB6_16_VZ72616,CB6,deciduous,NA,VZ72616,16,2week,N,,,ringed day 16 as missed on spreadsheet. No day 8,,08/11/2018,pass,,,N701,S504,20.3,15.6,53,4,6,Y,Y,Y,4,6,75,2,NA,0,,,
NA,19/06/2016,DW20-D-D15.S72,DW20_D_D15,DW20,deciduous,D,VZ72633,15,2week,N,,,,,04/10/2018,less than 40K,,,N709,S508,18.8,12.9,41,4,NA,Y,Y,Y,5,4,68,1,NA,NA,NA,,
NA,19/06/2016,NA,NA,DW20,deciduous,B,VZ72631,15,2week,N,?,,,?,NA,failed at amplification,,,NA,NA,19.4,14.8,41,4,NA,Y,Y,Y,5,4,68,1,NA,NA,NA,,
NA,19/06/2016,NA,NA,DW20,deciduous,A,VZ72630,15,2week,N,?,,,?,NA,failed at amplification,,,NA,NA,19.7,14.8,45,4,NA,Y,Y,Y,5,4,68,1,NA,NA,NA,,
NA,19/06/2016,DW20-C-15.S31,DW20_C_15,DW20,deciduous,C,VZ72632,15,2week,N,?,,,?,08/11/2018,less than 40K,,,N701,S506,19.7,14.8,42,4,NA,Y,Y,Y,5,4,68,1,NA,NA,NA,,
NA,,NA,removed?,DW25,deciduous,unk,unk,unk,unk,N,,,"Tube labelled D D15. Not possible to be D, only 2 chicks in brood (A & B). All other DW25 samples accounted for. ",,NA,NA,yes,,,,unk,unk,unk,unk,4,,,,2,4,76,2,C and possibly unknown,0,,,
404,,NA,NA,DW42,deciduous,A,,9,1week,N,,NW,BOX2,0.133,NA,missing,,,NA,NA,,14.2,,,4,Y,Y,Y,3,5,95?,1,na,0,,,
405,,NA,NA,DW42,deciduous,C,,9,1week,N,,NW,BOX2,0.179,NA,missing,,,NA,NA,,13.6,,,4,Y,Y,Y,3,5,95?,1,na,0,,,
406,,NA,NA,DW42,deciduous,B,,9,1week,N,,NW,BOX2,0.095,NA,missing,,,NA,NA,,14.1,,,4,Y,Y,Y,3,5,95?,1,na,0,,,
,30/06/2016,DW42-D534684.S68,DW42_D534684,DW42,,M,D534684,mature,adult,N,,,,,04/10/2018,failedAtSequencing,,,N709,S504,20.1,17.5,77,3,4,NA,,,3,5,95,1,NA,0,,,
NA,31/05/2016,NA,NA,DW7,deciduous,M,,mature,adult,N,,NW,BOX1,0.204,NA,missing,,,NA,NA,,,,,4,NA,,,4,6,67,0,,0,,,
396,11/06/2016,KB1-B-9-396.S90,KB1_B_9_396,KB1,deciduous,B,,9,1week,N,29/11/2017,GD,,0.682,22/10/2018,pass,,,N712,S502,,14.3,,3,4,Y,Y,Y,3,4,72,0,NA,0,,,
394,11/06/2016,KB19-C-9-394.S79,KB19_C_9_394,KB19,deciduous,C,,9,1week,N,29/11/2017,GD,,0.824,22/10/2018,pass,,,N710,S507,,10.3,,5,5,N,N,N,0,6,74,5,A-E,,,,
403,11/06/2016,KB19A.S7,KB19A.S7,KB19,deciduous,A,,9,1week,N,,NW,BOX1,,06/03/2018,pass,,,N707,S517,,12.4,,5,5,N,N,N,0,6,74,5,A-E,,,,
NA,11/06/2016,KB19-B-D9.S41,KB19_B_D9,KB19,deciduous,B,,9,1week,N,,,,,04/10/2018,pass,,,N706,S517,,12.5,,5,5,N,N,N,0,6,74,5,A-E,,,,
NA,03/06/2016,NA,NA,KB24,deciduous,D,,15,2week,N,,NW,,0.269,NA,missing,,,NA,NA,,unk,,,5,,,,3,5,70,0,NA,2,VZ80412-VZ80413,,
408,,NA,NA,KB43,deciduous,C,,8,1week,N,,NW,BOX2,0.305,NA,missing,,,NA,NA,,16.4,,,6,,,,4,6,66,2,NA,0,,,
395,,KB6-C-7-395.S86,KB6_C_7_395,KB6,deciduous,C,,7,1week,N,29/11/2017,GD,,0.786,22/10/2018,pass,,,N711,S506,,10.1,,5,5,Y,Y,Y,5,5,66,0,,0,,,
402,10/06/2018,KB909-D-9-402.S82,KB909_D_9_402,KB909,deciduous,D,,8,1week,N,29/11/2017,GD,,0.9,22/10/2018,pass,,,N711,S502,,12.5,,5,6,Y,Y,Y,5,6,78,1,NA,0,,,
391,10/06/2018,NA,NA,KB909C,,C,,9,1week,N,29/11/2017,GD,,0.378,NA,failed at amplification,,,NA,NA,,13.6,,5,NA,,,,NA,NA,NA,NA,NA,NA,NA,,
407,,NA,NA,KB924,deciduous,C,VZ80402,8,1week,N,,NW,BOX2,0.2,NA,missing,,,NA,NA,21.3,16.8,51,3,3,,,,3,3,68,0,NA,0,,,
,,DNAnegcontrol-R.S59,,,,,,,,,,,,,08/11/2018,control,,,,,,,,,,,,,,,,,,,,,
,,G-Neg.S19,,,,,,,,,,,,,06/03/2018,control,,,,,,,,,,,,,,,,,,,,,
,,PCR-6D-28910.S93,,,,,,,,,,,,,22/10/2018,control,,,,,,,,,,,,,,,,,,,,,
,,PCRnegcon2809186E.S60,,,,,,,,,,,,,08/11/2018,control,,,,,,,,,,,,,,,,,,,,,